Q8_Spreadsheet,Q8_MobileBanking,Q8_DedicatedApp,Q8_Paper,Q8_NoTracking,Q8_Other,Q11_Remittance,Q11_FX,Q11_Ecommerce,Q11_Investment,Q11_BillSplit,Q11_Subscriptions,Q11_None,Q25_Privacy,Q25_Cost,Q25_Complexity,Q25_BankIntegration,Q25_AITrust,Q25_NoNeed,Q25_Regulatory,Q25_Other,Flag_ValueSeeker,Flag_MultiCurrencyUser,Flag_FlatlineResponder,Q20_WTP_Binary,Q16_AIExpenseCategorisation_High,Q16_MultiCurrencyTracking_High,Q16_RemittanceBestRate_High,Q16_SavingsGoals_High,Q16_HealthDashboard_High,HighIncome,HighPain,YoungProfessional,FrequentReviewer
0,0,0,0,0,0,1,1,1,0,1,1,0,1,1,0,0,1,0,1,0,0,1,0,0,0,1,1,1,1,0,0,0,1
0,1,1,0,1,0,0,0,1,1,1,0,0,0,1,0,0,0,0,0,0,0,1,0,1,1,0,1,0,1,1,0,0,1
1,0,0,0,0,0,0,0,1,0,0,1,0,1,0,1,0,0,0,0,0,0,0,0,1,0,0,1,1,1,0,0,0,0
0,0,0,0,0,0,0,0,0,0,0,0,1,0,0,0,0,0,0,0,0,1,0,0,1,0,1,1,1,1,0,1,0,0
1,1,1,0,0,0,1,1,1,0,1,0,0,0,1,0,1,0,0,0,0,0,0,0,0,1,1,0,0,0,0,0,1,1
1,0,1,0,1,0,1,0,1,1,0,1,0,0,0,0,0,0,0,0,0,0,0,0,1,1,0,0,1,0,1,0,1,1
0,1,1,0,0,0,1,1,1,0,0,1,0,0,0,0,0,0,0,0,0,0,1,0,1,1,0,0,0,0,0,0,1,1
1,1,0,0,0,1,1,0,1,1,0,1,0,1,1,0,1,0,0,0,0,0,1,0,1,1,1,1,1,0,0,0,0,0
1,0,0,0,1,0,0,0,0,1,1,1,0,0,0,0,1,0,1,0,0,0,0,0,0,1,0,1,1,1,1,1,0,0
0,0,0,0,0,0,1,0,0,0,0,1,0,0,1,0,0,0,0,1,0,0,0,0,0,1,0,1,1,1,0,0,0,0
0,0,0,0,0,0,1,0,0,0,0,1,0,0,0,0,1,0,0,0,0,1,0,0,1,1,1,1,0,1,0,1,0,0
1,1,1,0,0,0,1,1,1,0,0,1,0,0,0,0,0,0,0,0,0,0,1,0,0,1,0,1,0,1,0,1,0,0
0,1,0,0,0,0,1,0,1,1,0,0,0,0,1,0,1,0,0,0,0,0,0,0,1,1,0,1,1,1,0,0,0,0
1,1,1,0,0,0,0,0,0,0,0,0,1,0,1,0,0,1,0,0,0,0,0,0,1,1,0,1,0,0,0,0,1,1
0,1,0,0,0,0,1,0,1,0,1,0,0,0,1,0,1,1,0,0,0,0,0,0,1,1,1,1,0,1,0,0,0,1
0,1,1,0,0,0,1,1,0,0,1,0,0,0,1,0,0,0,0,0,0,0,0,0,0,1,1,0,1,1,1,0,1,0
0,0,0,1,0,0,0,0,0,1,1,0,0,0,0,1,1,1,0,0,0,0,0,0,0,0,0,1,1,1,0,0,0,0
0,1,0,1,0,0,1,0,1,0,0,0,0,0,0,0,0,1,1,0,0,0,0,0,0,1,1,1,1,0,0,1,1,0
1,0,0,0,0,0,1,1,1,1,0,1,0,1,0,1,1,0,0,0,0,0,1,0,0,1,1,0,0,1,1,0,0,0
0,1,0,0,0,0,0,1,1,0,0,1,0,0,1,1,0,0,0,0,1,0,0,0,0,0,1,1,1,1,1,0,0,0
0,0,0,1,0,0,1,1,0,0,0,0,0,1,0,0,0,0,0,0,0,1,0,0,1,0,1,1,1,1,0,1,0,1
0,1,1,0,0,0,0,1,1,1,1,1,0,1,0,1,1,0,0,1,0,0,0,0,1,1,1,1,1,1,1,0,1,1
1,0,0,0,0,0,0,0,1,0,1,1,0,1,0,0,0,0,0,0,0,0,0,0,1,1,1,1,1,1,1,0,0,1
0,0,1,0,0,0,1,0,1,1,0,1,0,1,1,0,1,0,0,0,0,0,0,0,1,0,0,1,1,1,1,0,0,0
0,0,0,0,1,0,1,0,0,0,0,0,0,0,1,0,0,0,0,0,0,0,0,0,1,0,1,1,1,1,0,0,0,1
1,0,1,0,1,0,1,1,1,0,1,1,0,1,0,1,0,0,0,0,0,0,0,0,1,0,1,0,1,1,0,0,0,1
0,1,0,0,0,0,1,0,0,1,0,0,0,0,1,0,0,0,0,0,0,1,0,0,1,1,1,1,0,1,1,1,1,1
1,0,0,0,0,0,0,0,1,1,1,1,0,0,1,0,0,0,0,0,0,1,0,0,1,1,1,1,1,1,0,1,1,0
0,1,0,0,0,0,0,1,0,1,0,1,0,1,0,0,0,0,0,0,0,1,0,0,1,1,1,1,0,1,1,1,0,1
0,1,0,0,0,0,1,1,0,0,1,1,0,0,0,0,0,0,0,0,0,0,0,0,1,1,1,0,0,1,0,0,1,1
1,0,0,0,0,0,1,0,1,0,1,1,0,0,1,0,0,1,1,0,0,0,0,0,0,1,1,1,1,0,0,1,0,0
0,0,1,0,0,0,1,0,0,0,0,0,0,0,0,0,1,0,0,0,0,0,0,0,1,1,1,0,1,1,0,0,1,0
0,1,1,0,1,0,0,1,0,0,0,1,0,0,0,0,1,0,0,0,0,0,0,0,1,1,1,1,0,1,0,0,1,1
0,1,0,0,0,0,0,0,0,1,1,0,0,0,0,1,0,0,0,1,0,0,1,0,1,0,1,1,0,0,1,0,0,0
1,1,1,1,0,0,1,1,1,1,0,1,0,0,0,1,1,0,0,0,0,0,1,0,1,1,1,1,1,0,1,0,0,0
0,0,0,0,0,0,1,0,1,0,0,1,0,1,0,0,1,0,1,0,0,0,0,0,1,1,0,0,1,0,0,0,0,0
0,1,0,0,0,0,0,1,1,1,0,1,0,1,0,0,1,0,0,0,0,0,1,0,1,1,0,1,1,1,1,0,0,0
0,0,1,0,0,0,1,1,0,0,0,1,0,0,0,0,1,0,0,0,0,0,0,0,1,1,0,1,1,1,0,0,1,1
0,0,1,0,0,0,1,0,1,0,0,1,0,0,0,0,1,1,0,0,0,0,0,0,0,0,1,1,1,0,0,1,0,0
1,1,0,0,0,0,0,0,1,0,0,0,0,1,0,0,1,1,0,0,0,0,0,0,0,0,1,1,0,1,1,0,0,1
0,1,0,0,0,0,0,1,1,1,1,1,0,1,0,0,1,1,0,0,0,0,0,0,0,1,0,1,1,1,0,0,1,0
0,0,0,0,0,1,1,1,1,0,0,1,0,1,1,0,0,0,0,0,0,0,0,0,0,1,1,1,1,1,0,1,0,0
0,1,1,0,0,0,1,0,0,0,0,1,0,0,0,0,0,0,0,0,0,0,0,0,1,1,1,0,1,1,0,0,1,1
0,0,0,0,0,0,1,0,1,0,0,1,0,0,0,0,0,0,0,0,0,0,1,0,1,1,1,1,0,1,1,0,0,1
0,1,0,0,0,0,1,1,1,0,0,1,0,0,0,0,0,0,0,0,0,0,0,0,0,1,0,0,1,1,0,0,1,0
0,0,0,0,0,0,1,1,0,0,1,1,0,1,1,0,1,0,0,0,0,1,0,0,1,0,1,1,0,0,0,1,0,0
1,1,0,0,0,0,1,1,1,0,1,1,0,1,1,1,0,1,0,0,0,0,1,0,0,1,1,1,1,1,1,0,0,0
1,0,1,0,1,0,1,1,1,1,0,1,0,0,0,0,0,0,1,0,0,0,0,0,0,0,0,1,1,1,1,1,0,0
0,0,0,0,0,0,0,0,0,0,1,1,0,0,0,0,1,0,1,0,0,0,0,0,0,0,1,1,1,1,0,1,0,0
0,1,1,0,0,0,1,1,0,0,0,1,0,1,1,0,0,0,0,0,0,0,0,0,1,1,1,1,1,1,0,0,0,1
1,1,1,0,0,0,0,0,1,1,1,1,0,1,0,1,1,0,0,0,0,0,1,0,0,1,1,1,0,1,1,0,0,1
0,0,1,0,1,0,0,1,0,0,1,1,0,0,1,1,0,1,0,0,1,0,0,0,1,1,1,1,1,1,0,0,0,0
0,1,1,0,0,0,0,1,0,0,1,1,0,0,0,1,1,0,0,0,0,0,1,0,0,1,1,1,1,0,0,0,0,1
0,0,0,0,0,0,1,1,1,0,0,0,0,0,1,0,0,0,0,0,0,0,1,0,1,1,1,1,0,0,0,0,0,1
0,0,0,1,1,1,1,1,0,1,0,1,0,1,0,1,0,0,1,0,0,0,0,0,0,1,1,1,1,1,1,1,1,0
1,1,0,0,0,0,0,0,0,0,0,0,1,1,1,0,1,0,0,0,0,0,1,0,1,1,0,1,0,1,0,0,0,0
0,1,0,0,0,0,0,0,0,0,0,0,1,0,0,0,1,0,0,0,0,0,0,0,1,1,0,0,0,1,0,0,1,1
0,1,0,0,0,0,0,1,0,0,0,1,0,0,0,0,1,1,0,0,0,0,0,0,1,1,1,1,1,0,0,0,1,0
1,1,1,1,1,0,1,1,0,1,0,0,0,0,1,1,1,1,0,0,0,0,0,0,1,1,1,1,1,1,1,0,1,1
1,1,0,0,1,0,1,1,1,1,0,1,0,0,0,0,0,0,1,0,0,0,1,0,1,1,1,0,1,1,1,0,0,1
0,0,1,0,0,0,1,1,1,0,0,1,0,1,0,0,0,0,0,1,0,0,0,0,0,1,0,1,1,1,1,0,0,1
0,0,0,0,0,0,0,0,1,0,1,0,0,0,0,1,0,1,0,0,0,0,0,0,0,1,1,0,0,1,0,0,1,0
0,1,0,0,0,0,0,0,1,0,1,1,0,1,1,0,0,1,0,0,0,0,0,0,1,1,1,1,1,1,0,0,0,0
1,0,1,0,0,0,0,1,1,0,0,0,0,1,1,0,0,0,0,0,0,0,0,0,0,1,1,1,1,1,1,0,0,1
0,0,0,1,0,0,1,1,0,1,1,0,0,0,0,1,1,0,0,0,0,0,0,0,1,1,1,1,1,1,1,0,0,0
1,1,0,0,1,0,1,1,1,1,1,0,0,0,1,0,1,0,0,0,0,0,0,0,0,0,1,1,1,0,1,1,0,0
1,1,0,0,0,0,1,0,0,0,0,0,0,0,1,0,0,0,0,1,0,1,0,0,1,1,1,1,0,1,0,1,1,0
0,0,0,0,0,0,0,1,1,1,1,1,0,0,0,0,0,0,0,1,0,0,0,0,0,1,1,0,0,1,1,0,0,1
0,0,1,0,0,0,1,0,0,0,0,1,0,0,1,0,1,0,1,0,0,0,0,0,0,0,1,0,1,1,0,0,1,1
0,0,0,1,0,0,1,1,1,1,1,1,0,0,0,0,1,0,0,0,0,0,1,0,1,0,1,1,1,1,1,0,0,1
1,1,1,0,0,0,1,1,0,0,1,1,0,1,0,0,0,0,0,0,0,0,0,0,1,1,1,1,1,1,0,0,0,0
0,1,0,0,0,0,1,0,1,1,1,1,0,0,1,0,0,1,0,0,0,0,1,0,1,1,0,0,1,1,0,0,1,1
1,0,0,0,0,0,0,1,0,0,0,1,0,0,1,0,0,1,0,0,0,0,0,0,1,0,1,1,0,1,0,0,1,1
0,1,0,0,0,1,1,0,0,0,0,1,0,1,1,0,0,0,0,0,0,0,0,0,1,1,1,1,1,1,0,0,0,0
0,0,0,1,1,1,1,1,1,1,1,0,0,1,0,1,0,0,0,0,0,0,0,0,0,0,0,1,1,1,1,0,0,0
0,0,0,0,0,0,0,1,1,0,0,1,0,0,0,0,0,0,0,1,0,0,0,0,0,0,0,1,1,0,0,0,0,0
0,0,0,0,0,0,1,0,1,0,0,1,0,0,0,0,0,0,0,0,0,0,0,0,0,0,0,1,1,1,0,0,0,0
0,1,1,1,0,0,1,1,1,0,0,1,0,0,0,1,1,0,0,0,0,0,0,0,1,1,1,0,1,1,1,0,0,1
1,1,0,0,0,0,1,1,0,0,1,0,0,0,0,0,0,0,0,0,0,0,0,0,1,1,1,1,1,1,1,0,0,1
1,1,1,0,0,0,0,1,0,0,0,0,0,1,0,0,0,0,0,0,0,0,0,0,0,1,1,0,1,1,0,0,1,1
0,1,1,0,0,0,1,1,1,1,1,1,0,0,0,0,0,1,0,0,0,1,1,0,1,1,1,1,1,1,1,1,0,0
0,0,0,0,0,1,0,0,1,0,1,0,0,0,0,1,1,0,0,0,0,1,0,0,1,0,1,1,0,0,1,1,1,0
0,0,1,0,0,0,1,1,1,0,0,1,0,1,0,0,0,0,0,0,0,0,0,0,1,1,0,1,1,1,1,0,0,1
0,0,1,0,0,0,1,1,0,1,0,0,0,1,0,0,0,0,0,0,0,0,0,0,1,1,1,0,1,1,0,0,1,1
1,0,1,0,1,1,1,1,1,0,0,1,0,0,0,0,0,0,0,0,0,0,0,0,0,1,0,1,1,1,1,0,0,0
0,1,0,0,1,0,1,1,1,1,1,1,0,1,0,0,1,0,0,0,0,0,0,0,1,1,1,1,1,1,1,0,0,1
0,1,0,0,1,0,0,1,0,0,1,0,0,1,1,0,1,1,0,0,0,0,0,0,1,1,1,1,1,1,0,0,0,0
1,1,0,0,0,0,1,0,0,1,0,1,0,0,1,1,0,1,0,0,0,0,0,0,0,1,1,1,1,1,0,1,0,0
0,1,0,0,0,0,1,1,0,1,0,1,0,0,1,0,1,1,0,0,0,0,1,0,0,1,1,1,1,0,1,1,0,1
1,0,0,0,0,0,1,1,1,0,0,1,0,0,0,0,0,1,1,0,0,0,1,0,0,1,1,1,1,0,1,1,0,0
0,0,0,0,0,0,0,0,1,1,1,1,0,0,0,0,1,0,0,0,0,0,0,0,1,1,1,0,0,1,0,0,1,1
0,0,0,1,0,0,1,0,0,0,0,1,0,0,0,0,0,0,0,0,0,0,0,0,1,1,0,0,1,1,0,0,0,0
1,1,0,0,0,0,1,1,1,0,1,0,0,1,0,1,1,1,0,0,0,0,0,0,0,0,1,1,1,1,1,1,0,1
0,0,0,0,1,1,1,1,0,0,1,1,0,0,0,0,0,0,1,0,0,0,0,0,0,1,1,1,0,1,0,1,1,0
0,1,0,0,0,0,0,0,0,0,0,0,1,0,0,0,1,1,0,0,0,0,0,0,0,1,1,1,1,1,1,0,0,0
0,0,1,1,0,1,1,0,1,0,1,0,0,1,0,0,0,0,0,0,0,0,0,0,0,1,1,1,1,1,0,1,0,0
0,1,0,0,0,0,1,1,1,0,0,0,0,0,0,0,1,0,0,1,0,0,0,0,0,0,1,1,1,1,0,1,0,0
0,1,1,0,0,0,0,0,0,1,1,1,0,0,0,1,0,1,0,0,1,0,1,0,0,1,1,1,1,1,1,0,0,1
0,0,1,0,0,0,1,1,0,1,0,1,0,0,0,0,0,1,0,0,0,0,0,0,1,1,1,1,0,1,1,0,1,1
0,0,1,0,0,0,1,0,1,0,1,1,0,0,0,0,0,0,0,0,0,0,0,0,1,1,1,0,1,0,0,0,1,1
1,1,1,0,0,0,0,1,1,0,1,0,0,0,0,0,1,1,0,0,0,0,0,0,0,1,1,0,1,1,0,0,1,1
0,1,0,0,0,0,0,0,0,1,1,0,0,0,0,0,1,0,0,0,0,0,0,0,0,0,1,1,1,1,0,1,1,0
0,1,0,0,0,0,1,1,1,0,1,1,0,0,0,1,0,0,0,0,0,0,1,0,0,1,1,0,1,1,1,0,0,1
1,0,0,1,0,0,1,1,0,1,0,1,0,1,0,1,0,1,0,0,0,0,0,0,0,0,1,1,0,0,0,1,1,0
0,1,0,1,0,0,1,0,0,1,1,0,0,0,0,0,0,1,0,0,0,0,1,0,1,0,1,1,1,1,1,0,0,0
0,1,1,0,0,0,1,0,1,0,1,1,0,0,0,0,0,0,0,0,1,0,0,0,1,0,0,1,0,1,0,0,1,0
0,0,0,0,1,0,1,0,0,1,1,0,0,0,1,0,1,0,0,0,0,0,0,0,1,0,1,1,1,1,0,0,0,1
0,0,0,0,0,0,1,1,1,0,0,1,0,1,1,1,0,0,0,0,0,0,0,0,1,0,0,1,1,1,0,0,0,1
0,0,0,0,0,0,0,1,1,0,0,1,0,1,1,1,1,0,0,0,0,0,1,0,1,1,0,1,1,0,1,0,0,1
1,0,1,0,0,0,1,1,0,1,1,1,0,0,1,0,0,0,0,0,0,0,1,0,0,1,0,0,0,1,1,1,1,1
1,0,0,0,1,0,1,1,0,0,1,1,0,0,0,1,1,0,0,1,0,0,0,0,1,1,1,1,1,1,1,0,0,1
1,1,0,0,0,0,1,1,1,1,1,1,0,0,0,0,1,0,0,1,0,0,1,0,0,1,1,0,1,1,0,1,1,0
1,1,1,0,0,0,1,0,1,1,0,1,0,0,1,0,0,0,1,0,0,0,1,0,0,0,1,0,0,1,0,0,0,0
1,0,0,0,0,0,0,0,0,1,0,1,0,0,0,0,0,0,0,0,0,0,0,0,1,0,0,1,1,1,1,0,1,0
0,0,0,0,0,0,0,1,0,1,0,1,0,0,1,0,0,0,0,0,0,0,0,0,0,1,1,1,0,1,0,1,1,0
0,1,1,0,0,0,1,1,1,0,1,0,0,0,0,0,0,0,0,0,0,0,1,0,0,1,1,0,1,1,1,0,1,0
0,1,0,0,0,0,1,1,0,1,1,0,0,1,1,0,1,1,0,0,0,0,0,0,1,0,1,0,1,1,0,0,0,0
0,1,0,0,0,0,0,1,1,0,0,0,0,0,0,0,0,0,0,0,0,1,0,0,1,1,1,0,0,1,0,1,1,0
1,0,0,0,0,0,0,0,0,0,0,0,1,0,0,0,0,1,0,0,0,0,1,0,0,1,1,1,1,0,1,0,0,0
1,1,1,0,0,0,1,1,0,0,0,1,0,0,0,0,1,0,0,0,0,1,0,0,1,1,1,1,0,1,0,1,1,0
1,0,0,0,0,0,0,1,1,0,1,1,0,0,0,0,0,0,1,0,0,0,0,0,0,1,0,1,1,1,0,0,0,0
0,0,1,1,0,0,1,0,0,1,0,1,0,1,1,1,0,0,0,0,0,0,1,0,1,1,1,1,0,1,1,0,1,1
0,0,1,0,0,0,1,0,1,1,0,0,0,0,0,0,1,0,0,0,0,0,1,0,0,1,1,1,0,1,1,0,0,0
1,1,1,0,0,0,0,1,0,1,1,1,0,0,1,0,1,0,0,0,1,0,0,0,1,0,1,1,1,1,1,0,1,1
0,1,1,0,0,0,0,0,1,0,0,1,0,1,1,0,1,1,1,0,0,0,0,0,1,0,1,0,1,1,1,0,1,1
0,1,0,0,1,0,1,0,1,1,1,1,0,1,1,0,1,0,1,0,0,0,0,0,0,1,1,1,1,1,0,0,0,1
0,0,1,0,0,0,1,0,0,0,0,1,0,0,1,0,0,0,0,0,0,0,0,0,0,1,1,0,1,1,0,0,0,0
1,0,0,0,1,0,1,0,0,0,1,1,0,1,1,0,1,0,0,0,0,0,1,0,1,1,1,0,1,1,1,0,0,1
0,1,1,0,0,0,0,0,0,0,0,1,0,1,0,0,0,0,0,0,0,0,0,0,1,1,0,0,0,1,1,0,1,1
0,0,0,0,0,0,1,0,0,0,0,0,0,0,0,0,1,1,0,0,0,1,0,0,1,1,1,1,1,1,0,1,0,0
1,0,1,0,1,0,0,0,0,0,0,0,1,0,0,0,0,0,0,0,0,0,1,0,1,0,1,1,1,1,0,0,0,1
1,1,0,0,0,0,0,0,0,0,0,1,0,0,0,0,0,1,0,0,0,0,0,0,1,0,1,0,1,1,0,0,1,1
0,1,0,0,0,0,0,1,0,0,1,0,0,0,0,1,0,1,0,0,0,0,0,0,1,1,1,1,0,1,0,0,1,0
0,0,1,0,1,0,1,0,0,0,0,1,0,0,0,0,0,0,0,0,0,0,0,0,0,0,1,1,1,1,0,0,0,0
1,1,0,0,0,0,1,1,1,0,0,1,0,0,1,0,0,1,0,0,0,1,1,0,1,0,1,0,1,0,1,1,0,0
0,1,0,0,1,0,1,0,1,0,0,0,0,1,1,1,0,0,0,1,0,0,0,0,0,1,1,1,0,1,0,0,0,1
0,0,0,0,0,0,1,0,1,1,0,1,0,0,1,1,1,0,0,0,0,0,0,0,0,1,1,1,1,1,1,1,0,0
1,1,0,0,1,0,1,1,1,1,1,1,0,1,1,0,0,0,0,0,0,0,0,0,0,0,1,1,1,1,1,0,0,0
1,1,1,0,0,0,0,1,0,0,0,1,0,0,1,1,1,1,0,0,0,0,0,0,1,1,1,1,0,1,1,0,0,0
0,0,0,0,0,0,1,1,1,0,0,1,0,0,0,0,1,0,0,0,0,0,0,0,0,1,1,0,1,1,0,0,0,0
0,0,0,0,0,0,1,0,1,0,0,1,0,0,1,1,0,1,0,0,0,0,0,0,1,1,1,1,1,1,1,0,1,1
0,1,1,0,0,0,1,0,1,0,1,1,0,0,1,0,1,0,0,0,0,0,0,0,1,1,1,1,1,1,0,0,1,1
0,1,0,0,0,0,0,1,0,0,1,1,0,1,0,0,1,1,0,0,0,0,0,0,0,0,1,1,1,1,1,1,0,0
0,0,0,0,0,0,1,1,1,1,0,1,0,1,0,0,0,0,0,0,0,0,0,0,1,1,0,1,1,0,1,0,0,1
1,0,1,0,0,0,1,1,1,0,0,1,0,0,1,0,0,1,0,0,0,0,0,0,0,1,1,1,1,1,0,0,0,0
1,1,1,0,0,0,1,1,1,0,1,0,0,0,0,0,0,0,0,0,0,0,0,0,1,1,1,0,1,1,0,0,1,1
1,0,0,0,1,0,1,1,1,0,0,1,0,0,1,0,1,0,0,0,0,1,0,0,1,1,1,0,1,0,0,1,1,0
0,0,0,0,0,0,0,0,0,0,1,1,0,0,0,0,0,1,0,0,0,0,0,0,0,0,1,1,1,1,0,1,0,0
0,0,1,0,0,0,1,1,0,0,0,1,0,0,0,0,1,0,0,1,0,0,0,0,1,1,1,0,1,1,0,0,1,1
0,1,0,0,0,0,1,1,1,0,1,1,0,0,0,0,1,0,0,0,0,0,0,0,1,1,1,0,0,1,0,0,1,1
1,0,0,0,0,0,1,1,1,1,0,0,0,0,1,0,0,0,1,0,0,0,1,0,1,1,1,1,0,1,1,0,0,1
1,0,0,0,0,0,1,0,1,1,1,0,0,1,0,0,0,0,0,0,0,0,1,0,1,1,1,0,0,1,1,0,1,1
0,0,0,0,0,0,1,0,1,1,0,1,0,0,1,0,1,0,0,0,0,0,0,0,0,1,1,0,0,0,0,0,0,1
1,0,0,1,0,0,1,0,1,0,0,0,0,0,1,0,0,1,0,0,0,0,0,0,0,1,1,1,1,1,0,1,0,0
0,0,0,0,0,0,0,0,1,1,0,1,0,0,0,1,1,0,0,0,0,0,1,0,0,1,1,1,1,1,1,1,0,0
1,1,0,0,0,0,0,0,1,0,0,0,0,0,0,0,0,1,0,0,0,0,0,0,0,1,1,0,1,1,1,0,1,1
0,1,0,0,1,0,0,0,0,0,0,0,1,1,1,0,0,1,0,1,0,1,0,0,1,1,1,1,1,1,0,1,1,0
0,1,0,1,0,0,1,0,1,1,0,0,0,1,0,0,1,0,0,0,0,0,0,0,1,1,1,1,1,1,0,0,0,0
0,1,1,0,0,0,1,1,1,0,1,0,0,1,0,0,0,1,0,0,0,0,1,0,0,1,1,1,0,1,1,0,0,0
0,1,0,0,1,0,1,0,0,0,0,0,0,0,0,0,0,0,0,0,0,0,0,0,1,0,1,1,1,1,1,0,0,0
0,0,1,0,0,0,0,0,0,1,1,1,0,1,0,0,0,0,0,0,0,0,1,0,1,1,1,1,0,1,1,0,0,1
0,1,0,0,0,0,1,1,0,0,1,1,0,0,1,0,0,0,0,1,0,0,0,0,0,1,1,1,1,1,0,1,0,0
0,0,0,0,0,0,0,0,0,0,1,1,0,0,1,1,0,0,0,1,1,0,0,0,0,1,1,1,1,1,0,1,1,0
0,1,0,1,0,0,1,0,1,0,1,1,0,0,1,0,1,0,1,0,0,0,0,0,0,1,1,1,1,0,0,1,0,0
0,1,0,0,0,0,0,1,0,0,0,0,0,0,0,0,1,0,0,0,0,0,0,0,1,1,0,1,0,1,1,0,1,0
0,0,0,0,0,0,1,1,0,0,1,1,0,0,0,0,1,0,0,0,0,0,0,0,1,1,1,1,1,1,0,0,0,1
1,1,1,0,0,0,0,0,0,0,0,0,1,0,0,1,0,0,0,0,0,0,1,0,1,0,0,1,1,1,1,0,0,0
0,1,1,0,0,0,1,1,1,1,1,1,0,0,0,0,0,0,0,1,0,1,0,0,1,1,1,0,0,1,1,1,1,1
0,1,1,0,0,1,1,1,1,1,0,1,0,0,0,0,0,0,0,0,0,0,0,0,1,1,1,0,0,1,1,0,1,1
0,0,0,0,0,0,1,0,1,0,1,1,0,1,0,0,1,0,0,0,0,0,0,0,0,1,1,1,1,1,0,1,0,0
1,1,0,0,0,0,0,0,1,0,1,0,0,0,1,0,1,1,0,0,0,1,0,0,1,0,1,1,1,1,1,1,1,0
1,1,1,0,0,0,1,0,0,1,0,0,0,0,0,0,0,0,0,0,0,0,0,0,0,1,0,0,0,1,1,0,1,0
0,0,1,0,0,0,0,1,0,0,0,1,0,0,0,0,0,0,0,0,0,1,0,0,1,1,1,1,0,1,0,1,0,0
1,1,1,0,0,0,1,1,1,0,0,1,0,0,1,1,0,0,0,1,0,0,1,0,1,1,1,1,1,0,0,0,1,1
0,0,0,1,0,0,1,0,1,1,1,1,0,0,0,0,1,0,0,0,0,0,0,0,0,0,1,1,1,0,0,1,1,0
0,1,0,0,0,0,0,1,0,0,0,1,0,0,1,0,1,0,0,0,0,0,1,0,0,1,0,1,1,1,0,0,1,0
0,0,0,0,0,0,0,0,0,1,1,0,0,1,1,0,0,0,0,0,0,1,0,0,1,1,1,1,1,1,0,1,1,0
0,0,1,1,0,0,1,1,0,1,1,1,0,0,0,0,0,0,1,0,0,0,0,0,0,1,1,1,1,1,1,0,0,1
0,1,1,0,0,0,1,0,0,0,0,1,0,0,1,0,0,0,0,0,0,1,1,0,1,1,1,0,1,0,1,1,1,0
0,1,1,0,0,0,0,0,0,0,1,1,0,0,0,0,1,1,1,0,0,1,0,0,1,1,1,1,1,0,0,1,1,1
0,0,0,1,0,0,1,0,1,0,1,1,0,0,0,1,1,0,0,1,0,0,0,0,0,1,0,1,1,1,0,0,0,1
0,0,0,0,0,0,1,1,0,0,0,1,0,0,0,0,1,0,0,0,1,1,1,0,1,1,0,1,0,0,0,1,1,1
0,0,1,0,0,0,0,0,0,0,0,0,1,0,0,0,0,1,0,0,0,0,1,0,1,1,1,0,0,1,1,0,0,0
0,0,0,0,1,0,0,0,1,1,1,1,0,0,0,0,0,1,1,0,1,0,1,0,1,1,1,1,1,0,1,0,0,1
0,1,1,0,1,1,0,1,1,0,1,0,0,1,1,0,0,1,0,0,0,0,1,0,0,1,0,1,1,1,0,1,1,1
0,1,1,0,1,0,1,1,0,0,1,1,0,0,0,1,1,1,0,0,0,0,0,0,0,1,1,0,1,1,1,1,1,0
1,0,0,0,0,0,1,1,0,0,1,0,0,0,1,1,1,0,0,0,0,0,0,0,1,1,1,1,1,1,1,0,1,0
1,0,0,1,0,0,1,1,1,0,0,1,0,0,0,0,1,0,0,0,0,1,0,0,1,1,1,1,1,1,0,1,0,0
0,0,0,0,0,0,1,1,1,0,1,1,0,0,0,0,0,0,0,1,0,0,0,0,0,0,1,1,1,1,1,1,1,0
1,0,0,0,0,0,0,1,0,0,0,1,0,0,0,0,1,0,0,0,0,0,0,0,1,1,1,1,0,1,0,0,1,1
0,1,0,0,0,0,1,1,1,0,0,1,0,0,1,0,0,0,0,0,0,0,0,0,0,1,0,1,1,1,1,0,1,1
0,0,0,1,0,0,1,1,0,0,1,1,0,0,0,0,0,0,0,0,0,0,0,0,0,1,1,1,1,1,0,0,0,0
0,0,1,0,0,0,1,0,1,1,1,1,0,0,0,0,1,1,0,0,0,1,1,0,1,0,1,1,0,1,0,1,0,1
1,0,0,1,0,0,0,1,0,1,1,1,0,1,1,0,1,1,0,0,0,0,0,0,0,0,1,1,1,1,0,1,0,0
0,0,1,0,0,0,0,1,1,0,1,1,0,0,1,0,0,0,0,0,0,0,1,0,1,0,1,1,1,1,1,0,0,1
0,0,0,0,0,0,1,1,1,0,0,1,0,0,1,1,0,0,0,0,0,0,0,0,0,1,1,1,1,1,0,0,0,0
1,1,0,0,0,0,1,0,1,0,0,1,0,0,0,0,1,0,1,0,0,0,0,0,0,0,0,1,1,1,1,0,0,0
1,1,0,0,0,0,1,1,1,1,0,1,0,0,0,1,0,1,0,0,0,0,1,0,1,1,1,1,0,1,1,0,1,0
0,0,0,0,0,1,0,1,1,1,0,0,0,0,1,0,0,0,0,0,0,0,1,0,1,1,1,1,1,1,1,0,0,0
1,1,0,0,1,0,0,1,1,0,0,1,0,0,0,0,0,0,0,0,0,0,1,0,1,1,0,1,1,1,1,0,0,1
1,0,0,0,0,0,1,1,1,0,1,1,0,0,0,0,0,0,0,0,0,0,0,0,0,1,1,1,1,1,0,1,1,0
0,1,1,0,0,0,0,0,0,1,0,0,0,1,0,0,1,1,0,0,0,0,1,0,1,1,1,1,0,1,1,0,1,1
0,1,1,0,0,0,1,1,1,0,0,0,0,0,1,0,1,1,0,0,0,0,0,0,1,1,0,0,1,1,0,0,1,0
0,0,1,0,0,0,1,1,1,0,1,1,0,0,0,1,0,0,1,0,0,1,1,0,1,1,1,1,1,1,0,1,0,0
0,0,0,0,1,0,0,1,0,0,0,0,0,0,0,0,1,0,0,0,0,0,0,0,0,1,1,1,1,1,1,1,0,0
0,0,1,0,0,0,1,0,0,0,0,1,0,1,1,0,1,0,0,0,0,0,0,0,0,0,1,1,1,0,0,0,0,1
1,1,0,1,0,0,1,1,1,1,1,0,0,1,0,0,1,1,0,0,0,0,0,0,0,1,1,1,1,1,0,0,1,0
1,0,0,0,0,0,0,0,0,0,0,0,1,0,1,1,0,1,0,0,0,0,0,0,0,1,1,1,1,1,0,1,0,0
0,0,1,0,0,0,0,0,0,1,0,1,0,0,0,0,0,1,1,0,0,0,0,0,1,0,1,0,1,1,1,0,1,1
0,1,1,0,0,0,1,0,1,0,0,0,0,0,0,0,0,1,0,0,0,0,0,0,1,1,1,0,1,1,0,0,0,1
0,0,0,0,0,0,0,0,0,0,0,0,1,0,1,0,1,1,0,0,0,0,0,0,0,1,1,1,1,1,0,1,1,0
0,0,0,1,0,0,0,0,0,0,1,1,0,0,1,0,1,1,0,1,0,0,0,0,0,0,1,1,0,1,1,1,1,1
0,0,0,0,0,0,0,0,1,1,1,0,0,0,0,0,0,0,0,0,1,0,0,0,0,1,1,1,1,0,0,1,1,0
1,0,0,0,0,0,1,1,1,0,0,1,0,0,0,0,0,1,0,0,1,0,0,0,0,1,1,1,0,0,1,0,1,0
0,0,1,0,0,0,0,0,0,0,0,0,1,0,0,0,0,0,0,0,0,0,0,0,1,0,1,1,1,1,0,0,0,1
0,1,1,0,0,0,0,0,1,0,0,1,0,0,0,0,0,0,0,0,0,0,0,0,0,1,1,1,0,1,0,0,0,1
1,1,1,0,0,0,0,1,1,1,1,0,0,0,0,0,1,1,0,0,0,0,0,0,1,1,1,1,1,1,1,0,0,0
0,1,0,0,0,0,1,1,1,0,0,0,0,0,1,0,1,1,0,0,0,0,0,0,1,0,1,1,1,1,0,0,0,0
0,0,0,0,0,0,0,0,0,0,0,0,0,0,0,0,0,0,0,0,0,1,0,0,1,0,1,1,1,1,0,1,0,1
0,1,1,0,0,0,0,0,0,0,1,1,0,0,1,0,1,0,1,0,0,0,0,0,1,0,0,1,1,1,1,0,0,0
0,0,0,0,0,0,1,0,1,0,0,0,0,0,1,0,1,1,0,0,1,1,1,0,1,1,1,1,1,0,0,1,0,0
0,0,1,0,1,0,1,1,1,1,1,1,0,1,1,0,1,1,0,1,1,1,0,0,1,0,1,1,1,1,1,1,0,1
1,1,1,0,0,0,0,0,0,0,0,0,1,0,0,0,0,0,0,0,0,0,0,0,1,1,1,0,1,1,0,0,1,1
0,0,1,0,0,0,1,0,0,0,1,1,0,0,0,1,0,0,0,0,0,0,1,0,1,1,0,1,1,1,1,0,0,0
0,1,0,0,0,0,0,0,0,0,0,0,1,0,0,0,1,1,0,0,0,0,0,0,0,1,1,0,0,1,0,0,1,0
1,1,0,0,0,0,1,0,1,1,1,0,0,0,0,0,1,0,0,0,0,0,0,0,0,1,1,1,1,1,1,0,1,1
0,1,1,0,0,0,1,0,1,1,0,1,0,1,0,0,1,0,0,0,0,0,1,0,1,1,1,1,0,1,1,0,1,0
0,0,1,0,0,0,1,1,1,0,0,1,0,1,1,0,0,0,1,0,0,0,0,0,1,1,0,1,1,1,0,0,0,1
1,0,0,0,0,0,1,0,1,0,0,0,0,0,0,0,1,0,0,0,0,0,1,0,0,1,1,0,1,1,1,0,1,1
0,0,0,0,0,0,0,0,0,0,0,0,1,1,1,0,0,0,0,0,0,1,0,0,1,1,1,1,1,1,0,1,0,0
0,0,0,1,0,0,0,1,1,1,0,1,0,0,1,0,1,0,0,0,0,0,0,0,1,1,0,0,1,1,1,0,0,1
0,0,0,0,0,0,1,0,1,0,0,1,0,0,1,0,1,0,0,0,0,0,0,0,0,1,1,1,1,0,0,1,0,0
1,0,0,1,1,0,1,1,1,0,1,1,0,0,1,0,0,0,0,0,0,0,0,0,0,1,1,1,1,0,0,1,0,0
0,0,0,0,1,0,0,1,1,0,0,0,0,0,1,1,0,0,0,0,0,0,0,0,0,1,1,1,1,1,0,1,0,1
1,1,0,0,0,1,1,1,0,1,1,1,0,0,0,1,1,1,0,0,0,0,0,0,1,1,1,1,0,1,0,0,1,1
0,1,0,1,0,0,1,0,0,0,0,0,0,0,1,0,1,1,0,0,0,0,0,0,1,1,1,1,1,1,1,0,0,0
0,0,0,0,0,0,1,0,1,0,1,1,0,0,0,0,0,0,0,0,0,0,0,0,1,1,1,0,0,1,1,0,0,1
0,1,1,0,0,0,1,0,0,0,1,1,0,1,1,0,1,0,0,0,0,0,0,0,1,1,1,0,1,1,0,0,1,1
0,0,1,0,0,0,0,0,1,1,1,1,0,0,0,0,1,0,0,0,0,0,0,0,0,1,1,1,1,1,0,1,0,0
0,1,1,0,0,0,0,1,0,1,0,1,0,0,0,1,1,1,0,0,0,0,0,0,0,1,0,1,1,0,0,0,1,1
0,1,1,0,0,0,1,0,1,1,0,1,0,1,0,1,1,0,1,1,0,1,1,0,1,1,1,1,0,1,1,1,0,0
0,0,1,0,0,0,0,0,0,1,0,1,0,1,1,0,1,0,0,0,1,0,1,0,1,1,1,1,1,1,1,0,0,0
0,0,1,1,0,0,1,0,1,1,1,1,0,0,0,0,0,1,0,0,0,0,1,0,1,1,1,0,0,1,1,0,0,0
0,0,0,0,0,0,1,0,1,0,1,1,0,1,0,0,1,0,0,0,0,0,1,0,0,0,1,1,1,1,1,0,0,1
0,1,1,0,0,0,1,1,1,1,0,1,0,0,0,0,0,0,1,0,1,0,0,0,1,1,1,0,1,1,1,0,1,1
0,0,0,0,0,0,0,0,1,0,0,1,0,1,0,0,0,0,0,0,0,0,0,0,0,1,1,1,1,1,1,0,0,0
0,1,0,0,0,1,0,1,1,1,0,0,0,0,0,0,0,0,0,0,0,0,1,0,1,0,1,1,1,1,0,0,0,1
0,1,1,0,0,0,0,1,1,0,0,1,0,1,0,1,0,0,1,0,0,0,1,0,1,1,1,1,0,1,0,0,0,1
0,0,0,0,0,0,1,1,1,1,0,1,0,0,0,1,0,1,0,0,1,0,1,0,1,1,1,1,1,1,1,0,1,1
0,1,0,0,0,0,1,1,1,0,0,0,0,0,0,1,0,0,0,0,0,0,0,0,1,0,1,0,1,1,0,0,0,0
1,0,0,0,0,0,1,1,0,1,1,1,0,0,1,0,0,0,0,0,0,0,1,0,1,0,1,1,1,1,1,0,0,0
0,1,0,0,0,0,0,1,1,0,0,1,0,0,0,0,0,0,0,0,0,0,1,0,0,1,0,1,1,1,1,0,0,1
0,0,0,0,0,0,0,0,1,0,0,0,0,0,0,0,1,1,0,0,0,0,0,0,1,1,0,1,1,1,0,0,0,0
0,1,1,0,0,0,1,1,1,1,1,1,0,0,1,0,1,0,0,0,0,0,1,0,1,0,1,1,1,1,1,0,0,1
1,0,1,0,0,0,1,0,1,0,0,1,0,1,0,0,1,0,0,0,0,0,0,0,1,1,1,1,1,1,1,0,1,1
0,1,0,0,0,0,1,0,1,0,1,1,0,0,0,0,0,0,0,0,0,0,0,0,0,1,1,1,1,1,0,1,0,0
0,0,0,0,0,0,0,1,1,1,1,0,0,0,0,0,1,1,0,0,0,0,1,0,1,1,1,1,1,1,0,0,0,0
1,1,0,1,1,0,1,1,1,0,1,0,0,0,0,0,1,0,1,0,0,0,0,0,0,1,1,1,1,1,0,1,1,0
0,0,0,1,0,0,0,1,1,0,0,0,0,1,0,0,0,0,0,0,0,0,0,0,0,1,1,1,1,0,0,1,0,0
0,1,0,0,0,1,0,0,0,0,0,1,0,0,0,0,1,0,0,0,0,0,1,0,1,1,1,1,1,1,1,0,1,0
1,0,1,0,1,0,1,0,1,0,0,1,0,0,0,0,1,0,0,0,0,1,0,0,1,1,1,1,1,1,0,1,1,0
0,0,0,1,0,1,0,0,0,0,0,0,1,1,0,0,1,0,0,0,0,0,1,0,1,0,0,1,1,0,1,0,1,0
0,1,1,0,0,0,1,0,1,0,0,1,0,0,1,0,1,0,0,0,0,0,0,0,1,1,1,0,1,1,0,0,1,0
0,0,0,1,0,1,1,1,0,1,0,1,0,0,1,0,1,0,1,0,0,0,0,0,0,0,0,1,1,1,0,1,1,0
0,1,1,0,0,0,1,1,1,0,0,0,0,0,0,1,1,0,0,1,0,1,0,0,1,1,1,1,1,1,1,1,0,0
1,1,0,0,0,0,0,0,1,0,1,1,0,1,0,1,0,0,0,0,0,0,1,0,0,0,1,1,1,1,0,0,0,1
0,0,0,0,0,0,1,0,1,1,0,0,0,0,0,0,0,1,1,0,0,0,0,0,0,1,1,1,0,1,0,1,0,0
0,0,0,0,0,1,0,1,0,0,0,1,0,0,0,0,0,0,0,0,0,0,0,0,0,0,0,1,1,1,1,0,0,0
1,1,1,0,0,0,1,0,1,1,0,1,0,0,0,0,0,0,0,0,0,0,0,0,1,1,0,1,1,0,0,0,0,1
0,1,1,0,0,0,0,1,0,0,1,0,0,0,0,0,1,0,0,0,0,0,0,0,1,0,0,0,0,1,1,0,0,0
0,0,0,0,0,0,1,0,1,1,0,0,0,0,1,0,0,0,1,0,0,0,0,0,0,1,0,1,1,1,0,0,0,1
0,0,1,0,0,0,1,0,1,1,1,1,0,0,0,0,0,0,0,0,0,0,0,0,0,0,1,1,1,1,1,1,0,1
0,1,0,0,1,0,1,0,0,0,0,0,0,1,0,0,1,1,0,0,0,0,1,0,1,1,1,1,0,0,0,0,0,1
1,1,0,0,0,0,1,0,1,1,0,1,0,1,0,0,0,0,0,0,0,1,1,0,1,0,1,1,1,1,1,1,0,0
1,0,0,0,0,0,1,0,0,0,1,1,0,0,1,0,0,0,0,0,0,0,0,0,0,0,1,1,1,0,0,0,0,1
0,0,0,0,1,0,1,1,1,0,0,1,0,0,0,1,0,0,0,0,0,1,0,0,1,1,1,1,1,0,1,1,0,0
0,0,0,0,0,0,1,1,1,1,0,1,0,0,1,0,0,0,0,0,0,0,0,0,0,0,1,1,1,1,1,0,0,0
1,1,0,0,0,1,1,1,1,1,0,1,0,0,0,0,0,0,1,0,0,1,0,0,1,0,1,1,1,1,1,1,1,0
0,0,0,0,0,0,1,0,1,0,0,0,0,0,0,1,0,1,0,0,0,0,0,0,0,0,1,1,1,1,0,0,0,0
1,1,0,0,0,0,0,0,0,0,0,0,0,1,1,1,1,0,0,0,0,0,0,0,0,0,1,1,1,1,0,0,0,1
0,1,1,0,0,0,0,1,1,1,0,1,0,0,0,0,1,0,0,0,0,1,1,0,1,1,1,1,0,0,1,1,0,0
0,0,0,0,0,0,1,1,1,0,0,1,0,0,1,1,0,0,0,0,0,0,1,0,1,1,0,1,1,1,1,0,0,0
1,0,1,0,0,0,1,1,1,0,1,1,0,0,1,0,0,1,0,0,0,0,1,0,1,1,1,1,1,1,1,0,0,1
0,1,0,0,0,1,0,1,0,1,0,1,0,1,0,0,0,0,0,0,0,0,1,0,1,1,1,0,0,0,0,0,1,1
1,0,1,1,1,0,1,0,1,0,1,1,0,1,1,0,0,0,0,0,0,1,0,0,1,1,0,1,1,1,0,1,1,0
0,1,0,0,0,0,1,0,1,1,0,1,0,0,0,0,0,0,0,0,0,0,0,0,1,1,1,1,1,1,0,0,1,1
0,0,0,1,0,0,1,0,1,0,1,0,0,0,0,0,1,1,0,0,0,0,0,0,0,1,1,1,1,1,1,1,0,0
0,0,0,1,1,0,1,0,1,0,1,1,0,0,0,0,1,0,1,0,0,0,0,0,0,1,1,1,1,0,0,1,0,0
0,0,0,0,0,1,0,0,1,0,1,1,0,0,0,0,0,1,1,0,0,0,0,0,1,1,1,0,0,1,0,0,0,1
1,0,0,1,1,0,1,1,1,0,1,1,0,1,1,0,1,0,0,0,0,0,0,0,0,1,1,1,1,1,0,1,1,0
0,1,1,0,0,0,1,1,0,1,0,1,0,1,1,0,0,0,0,0,0,0,1,0,1,0,1,1,1,1,1,0,1,1
0,1,1,0,0,0,0,1,0,0,1,0,0,0,1,0,0,0,0,0,0,0,0,0,0,1,0,1,0,1,1,0,1,1
0,0,0,0,0,0,1,1,1,0,1,1,0,0,0,0,1,0,0,0,0,0,0,0,1,1,1,1,1,1,0,0,0,0
0,0,1,0,1,1,1,1,1,0,0,1,0,0,0,0,0,0,0,0,0,0,0,0,0,0,0,1,1,1,1,0,0,0
1,1,1,0,0,0,1,1,1,0,1,0,0,1,0,0,1,1,0,1,0,1,0,0,1,0,1,1,1,0,0,1,1,1
0,0,0,0,1,0,1,0,0,0,0,1,0,0,0,0,1,0,1,0,0,1,0,0,1,0,1,1,1,1,0,1,1,0
0,0,0,0,0,0,1,0,1,0,0,1,0,0,0,0,0,0,0,0,0,0,0,0,1,0,0,1,1,1,0,0,1,0
1,1,0,0,0,0,1,0,0,0,0,1,0,0,0,0,0,0,0,0,0,0,0,0,1,1,1,1,1,0,0,0,1,1
0,0,1,0,0,0,1,0,1,0,0,1,0,1,1,1,1,0,0,0,0,0,0,0,0,1,1,1,1,1,0,1,0,1
1,0,1,0,0,0,0,0,0,0,1,1,0,1,1,0,1,0,0,0,0,0,0,0,1,1,1,0,1,1,0,0,1,1
0,1,1,0,0,0,1,0,1,0,1,0,0,0,0,0,1,0,0,0,1,0,0,0,0,1,1,1,1,1,0,0,1,1
0,1,0,0,1,0,0,0,1,1,0,1,0,0,1,1,1,0,1,0,0,0,0,0,0,1,1,1,1,0,0,1,0,0
1,0,0,1,0,0,1,1,0,0,0,0,0,0,0,0,0,0,0,1,0,0,0,0,0,1,1,1,1,1,0,1,0,0
1,0,0,0,0,0,1,1,0,0,1,1,0,0,0,0,0,0,0,0,0,0,0,0,0,1,1,1,1,1,0,1,0,0
1,0,0,0,0,0,0,0,1,0,1,1,0,0,0,0,0,0,0,0,0,0,0,0,0,1,1,1,1,1,0,0,0,0
0,1,0,0,0,0,1,1,0,1,0,1,0,1,0,0,0,0,0,0,0,0,1,0,0,1,1,1,1,1,1,1,0,0
1,0,1,0,1,0,0,1,0,0,1,0,0,0,0,1,0,0,1,0,0,1,0,0,1,1,1,1,1,0,0,1,0,0
0,1,0,0,0,0,0,0,0,0,1,0,0,1,0,1,0,0,0,0,0,0,1,0,1,1,1,1,1,1,0,0,0,1
1,0,0,0,0,0,1,1,1,0,1,1,0,0,0,0,0,0,0,0,0,0,0,0,0,1,0,0,1,1,0,0,0,1
1,1,0,0,0,0,1,0,1,1,1,1,0,0,0,0,1,1,0,0,0,0,0,0,0,1,1,0,1,1,1,0,1,1
0,0,0,1,0,0,1,1,1,1,0,1,0,0,0,0,1,0,0,0,0,0,0,0,1,1,1,1,1,1,1,0,0,0
0,0,0,0,0,0,0,1,0,0,0,1,0,0,0,1,1,0,0,0,0,1,0,0,1,1,1,1,1,1,0,1,1,1
0,1,0,1,0,0,1,1,0,0,1,0,0,0,0,0,1,0,0,0,0,0,0,0,1,0,1,0,1,1,1,0,1,0
0,0,1,1,0,0,1,1,1,0,0,1,0,0,0,0,0,1,0,0,0,0,1,0,0,0,1,1,1,0,1,0,0,1
0,0,0,0,0,0,0,0,1,0,0,1,0,0,1,0,0,0,0,0,0,0,1,0,0,1,0,1,1,1,0,0,0,0
0,0,0,0,1,0,0,1,0,0,1,1,0,0,1,1,1,1,0,0,1,0,0,0,0,1,1,1,1,0,0,1,0,1
0,1,1,0,0,0,1,0,1,0,0,1,0,0,0,0,1,0,0,0,0,0,0,0,1,1,1,1,1,1,1,0,0,1
0,1,0,0,0,0,0,1,1,0,1,1,0,1,0,0,0,0,0,0,1,0,0,0,1,0,0,0,1,1,0,0,1,0
0,1,1,0,0,0,1,1,0,0,0,1,0,1,0,0,0,1,0,0,0,0,0,0,0,1,1,1,1,1,0,0,1,1
0,0,1,0,0,0,1,0,1,0,1,1,0,1,0,0,0,1,0,0,0,1,1,0,1,1,1,0,1,1,0,1,1,1
0,0,0,1,0,0,1,1,0,0,1,1,0,0,0,0,0,0,0,0,1,0,0,0,0,1,1,1,1,0,0,1,1,0
0,0,0,0,0,0,1,1,0,0,1,1,0,1,0,0,1,0,0,0,0,0,0,0,1,0,1,1,1,1,0,0,0,1
0,0,0,0,1,0,0,1,1,0,1,1,0,0,1,0,0,0,0,0,0,0,0,0,0,1,1,1,1,0,0,1,0,0
1,0,0,0,0,0,1,1,1,0,0,1,0,0,1,0,1,1,0,1,1,0,0,0,1,1,1,1,0,1,1,0,1,0
0,1,1,0,0,0,1,1,0,0,0,1,0,1,1,0,0,0,0,0,0,0,1,0,0,0,1,1,0,1,1,0,1,1
0,0,0,0,1,0,1,1,0,0,0,1,0,0,0,1,0,0,0,0,0,0,0,0,0,0,1,1,1,1,0,0,0,0
0,0,0,0,0,0,0,0,1,0,1,1,0,0,0,0,0,0,0,0,0,0,0,0,0,1,1,1,1,0,1,1,0,0
1,1,0,0,0,0,1,0,1,0,1,1,0,0,0,1,0,1,0,0,0,1,0,0,1,1,1,1,1,0,0,1,0,1
0,1,0,1,1,0,1,1,1,0,0,1,0,0,0,0,0,1,0,0,0,0,0,0,0,1,1,1,1,1,1,0,0,1
1,0,1,0,0,0,1,1,1,1,1,1,0,0,0,0,0,1,0,0,0,0,0,0,0,1,1,1,1,1,1,0,1,1
1,1,0,0,0,0,1,0,1,0,0,0,0,0,1,0,1,0,0,0,0,0,0,0,1,1,1,1,0,1,1,0,0,1
1,1,0,0,0,0,1,1,1,0,0,0,0,0,0,0,0,0,0,0,0,0,0,0,0,1,1,1,1,1,0,0,0,1
1,1,1,0,0,0,0,1,1,0,1,1,0,1,0,0,1,1,0,1,0,0,0,0,1,1,1,0,0,1,0,0,0,1
1,0,0,0,0,0,1,0,1,0,0,0,0,0,0,0,1,0,0,0,0,0,0,0,0,1,0,1,1,1,1,1,1,1
0,0,0,0,0,0,0,0,1,0,0,1,0,0,0,0,1,0,0,0,0,0,1,0,0,1,1,0,0,1,0,0,1,1
1,1,1,0,0,0,1,1,1,1,0,0,0,0,1,0,0,0,0,0,0,0,0,0,1,1,1,1,1,0,1,0,1,1
0,0,0,0,0,0,1,1,1,1,0,1,0,1,0,0,0,0,1,0,0,0,0,0,0,0,0,1,1,1,1,0,0,1
0,0,0,0,0,0,0,1,1,0,1,1,0,1,0,1,0,1,0,0,0,0,0,0,1,1,1,0,1,1,0,0,0,0
0,0,0,1,0,0,0,0,1,1,1,1,0,1,0,0,1,1,0,0,0,0,0,0,0,1,1,1,1,0,0,1,1,0
0,1,1,0,1,0,1,1,0,0,1,0,0,0,0,0,0,0,0,0,0,0,1,0,1,1,1,1,1,1,0,0,1,1
0,0,0,1,0,0,1,0,1,0,0,0,0,0,0,0,0,1,1,0,0,0,0,0,0,1,1,1,1,1,0,1,0,0
0,0,0,0,0,0,1,1,1,1,1,0,0,0,0,1,1,1,0,0,0,0,0,0,0,1,1,1,0,0,1,1,0,0
1,1,1,0,0,1,0,0,1,1,0,1,0,0,0,0,0,1,1,0,0,0,0,0,1,1,1,1,0,1,0,0,1,1
1,0,0,0,0,1,0,0,0,0,0,0,1,1,1,0,0,1,0,0,0,0,0,0,0,0,1,1,1,0,0,0,0,1
0,1,0,0,0,0,0,0,1,1,1,1,0,0,0,0,1,0,0,0,0,0,0,0,1,1,0,1,0,1,1,0,0,1
1,0,0,1,0,0,1,0,1,1,1,0,0,1,0,0,1,0,0,0,0,0,0,0,0,1,1,1,1,1,0,1,0,1
0,0,0,1,0,0,0,1,1,1,0,1,0,0,0,0,1,0,1,0,0,0,0,0,0,1,1,1,1,1,0,1,0,0
1,0,1,0,0,0,0,0,1,0,0,1,0,0,1,0,1,0,0,0,0,0,1,0,1,1,1,1,1,0,0,0,1,1
0,0,0,0,0,0,1,1,1,0,1,1,0,1,0,0,0,0,0,0,0,0,0,0,1,0,1,1,1,1,0,0,0,0
0,0,1,0,0,0,1,1,0,0,1,1,0,0,1,1,0,0,0,0,0,1,0,0,1,1,1,1,1,1,0,1,1,0
1,0,0,1,1,0,1,1,1,0,0,1,0,0,0,1,1,1,1,0,1,0,1,0,0,1,1,1,0,0,0,1,0,0
0,0,0,0,0,0,1,1,0,0,0,1,0,0,0,0,0,0,0,0,0,0,0,0,0,1,1,1,1,1,0,0,0,0
0,0,0,0,0,0,1,1,0,1,0,0,0,0,0,1,1,0,0,0,0,1,0,0,1,1,1,1,1,1,1,1,0,0
0,0,0,0,0,0,0,1,1,0,0,1,0,0,0,0,0,0,0,0,0,0,0,0,1,1,1,0,1,0,1,0,1,1
1,0,1,0,0,0,0,1,0,0,0,1,0,0,1,0,0,1,0,1,0,0,0,0,1,1,1,0,0,1,0,0,1,1
0,1,0,0,0,0,1,0,0,0,1,0,0,1,0,1,1,0,0,1,0,0,0,0,0,1,1,1,1,0,0,1,1,0
0,1,1,0,0,0,1,1,0,1,1,0,0,1,1,0,1,1,0,0,0,0,0,0,0,1,0,1,1,1,1,0,1,0
1,0,0,0,0,0,0,0,0,0,0,0,1,0,1,0,1,0,1,0,0,0,0,0,0,1,1,1,1,1,0,1,1,0
1,1,0,0,0,1,0,0,0,0,0,0,1,0,0,0,0,1,0,1,0,0,1,0,1,1,1,1,0,1,1,0,0,1
0,0,0,0,0,0,0,1,0,1,1,0,0,1,0,1,1,0,0,0,0,1,0,0,1,1,1,1,1,0,0,1,0,0
0,0,1,1,0,0,0,1,1,0,1,1,0,0,0,0,0,1,0,0,0,0,0,0,0,1,1,1,0,1,0,0,0,1
1,1,0,1,1,0,1,1,0,0,0,1,0,0,1,0,0,0,0,0,0,0,0,0,0,0,1,1,1,1,0,1,0,0
1,0,0,0,0,0,1,1,0,1,0,0,0,0,0,1,1,1,0,0,0,0,0,0,1,0,0,1,0,1,0,0,0,0
0,1,1,0,1,0,0,1,1,0,1,0,0,0,0,1,0,1,0,0,0,0,0,0,0,0,1,1,1,1,0,1,1,0
0,0,1,0,0,0,0,1,1,0,0,1,0,1,1,0,1,1,0,0,0,0,1,0,0,1,1,1,0,1,0,0,0,0
1,0,0,0,0,0,1,1,0,1,1,1,0,1,1,0,0,1,0,0,0,0,0,0,0,0,1,1,1,1,0,0,0,1
0,0,1,0,1,1,0,1,1,1,0,1,0,1,0,0,1,1,0,0,0,0,0,0,0,1,1,1,0,0,1,0,0,1
0,1,0,0,0,0,1,0,1,0,1,1,0,0,1,0,0,0,0,0,0,0,1,0,0,1,1,1,1,1,1,0,0,0
0,1,0,0,0,0,1,1,0,0,1,1,0,0,1,0,0,1,0,0,0,0,0,0,1,0,1,1,1,0,0,0,1,1
1,0,0,0,0,0,0,1,1,0,1,0,0,1,1,0,1,1,0,0,0,0,0,0,0,1,0,0,0,1,1,0,1,1
0,0,1,0,0,0,1,1,0,1,1,1,0,1,1,0,1,0,0,0,0,0,0,0,1,1,1,1,0,0,0,0,0,1
0,1,0,0,0,0,0,0,0,0,0,0,0,1,0,0,0,1,0,0,0,0,0,0,1,1,1,1,1,1,0,0,1,1
0,1,1,0,0,0,0,1,0,1,0,1,0,0,0,0,1,0,0,0,0,0,1,0,1,1,1,0,1,0,1,0,1,1
0,0,1,1,0,0,0,0,1,0,0,1,0,0,0,0,1,1,0,0,0,0,0,0,0,1,1,1,1,1,0,1,0,0
0,0,1,0,0,0,0,0,0,0,0,0,1,0,0,0,0,0,0,1,0,0,0,0,1,0,1,0,0,1,0,0,1,1
0,0,1,1,1,0,0,1,0,1,1,1,0,0,0,0,1,1,0,0,0,0,1,0,1,1,1,1,0,1,0,0,0,1
0,0,0,0,0,0,0,1,0,1,0,0,0,0,1,0,1,1,0,0,0,0,0,0,1,1,0,0,1,1,0,0,0,1
0,0,0,0,0,0,1,0,1,1,0,0,0,0,0,0,1,0,0,0,0,0,0,0,1,1,1,1,1,0,0,0,1,0
0,0,1,0,0,1,1,1,0,0,1,0,0,0,1,0,1,0,1,1,0,0,0,0,1,0,1,1,1,1,1,0,0,1
0,1,0,1,0,0,1,0,1,1,1,1,0,0,0,1,0,1,0,0,0,0,0,0,1,0,1,1,1,1,1,0,0,1
1,1,0,0,0,0,1,1,1,0,0,1,0,0,0,0,0,0,0,0,0,0,1,0,1,1,1,1,1,1,0,0,1,1
0,1,0,1,0,0,1,1,1,0,1,0,0,0,1,0,0,0,1,0,0,0,0,0,0,0,1,1,1,1,0,1,0,0
0,1,0,1,1,0,0,0,0,0,1,1,0,0,0,0,0,0,1,0,0,0,0,0,0,0,0,1,1,0,0,1,1,0
0,0,1,1,0,0,1,1,1,1,1,1,0,0,0,1,0,1,0,0,0,0,1,0,1,1,1,1,1,1,1,0,0,0
1,1,0,0,0,0,0,0,0,0,1,1,0,0,0,0,0,1,0,0,0,0,0,0,1,0,1,1,1,1,1,0,0,0
1,1,0,0,0,0,0,1,0,0,0,1,0,0,0,0,1,0,0,1,0,0,0,0,0,1,1,1,1,1,0,0,0,0
0,1,0,0,0,0,1,1,1,0,0,0,0,0,0,0,1,0,0,0,0,0,1,0,1,0,0,1,1,1,1,0,0,1
1,1,0,0,0,0,0,1,1,1,0,0,0,0,1,0,1,0,0,0,0,0,1,0,0,1,1,0,1,1,0,0,1,0
0,0,0,0,1,0,1,1,0,1,0,1,0,0,1,0,0,0,0,0,0,0,0,0,1,1,0,1,1,1,0,0,0,0
1,1,1,0,0,0,0,1,1,0,0,0,0,1,0,1,0,0,1,0,0,0,0,0,0,1,1,1,1,1,0,0,0,1
1,1,1,0,1,0,0,0,0,0,0,0,1,1,0,0,1,0,0,0,0,1,1,0,1,1,1,0,0,0,1,1,0,0
0,0,1,0,0,0,0,1,1,0,0,1,0,0,0,0,0,0,0,0,0,0,0,0,1,0,1,1,1,1,0,0,0,1
0,0,0,0,0,0,0,1,1,0,0,1,0,0,0,1,0,0,0,0,0,0,0,0,1,0,0,1,0,1,0,0,0,0
0,0,0,0,0,1,1,1,1,1,1,1,0,1,0,0,0,0,0,0,0,0,0,0,0,0,0,0,1,1,1,0,0,1
0,1,1,0,0,0,1,0,0,0,0,1,0,0,0,0,1,0,0,0,0,0,1,0,0,1,1,1,1,1,0,0,0,0
0,0,1,0,0,0,0,1,1,1,1,1,0,0,0,0,1,0,0,1,0,0,1,0,0,1,1,1,1,1,1,0,0,0
0,0,0,0,0,0,1,0,1,0,0,1,0,0,0,0,0,0,0,0,0,0,0,0,1,1,1,0,1,1,0,0,0,1
0,1,0,0,0,0,1,1,1,0,1,1,0,0,1,0,0,0,0,0,0,0,0,0,1,0,1,1,1,1,1,0,0,1
0,1,1,1,0,1,1,1,0,1,0,1,0,1,0,1,1,0,0,0,1,0,0,0,0,1,1,1,1,1,1,0,0,0
0,1,0,0,0,0,0,0,0,0,1,1,0,0,1,0,0,0,0,0,0,0,0,0,0,1,0,1,1,1,0,0,0,1
0,1,1,0,0,0,1,0,1,0,0,1,0,0,1,0,0,1,0,0,0,0,0,0,0,1,1,0,1,0,0,0,1,0
0,1,0,1,1,0,1,0,0,1,1,1,0,1,0,0,1,1,0,0,0,1,1,0,1,1,1,1,0,1,1,1,0,0
0,1,0,0,0,0,0,1,1,0,0,1,0,0,0,0,0,0,0,0,0,1,0,0,1,1,1,1,1,1,1,1,0,0
0,0,0,0,1,0,0,1,0,0,0,1,0,0,1,1,1,1,0,0,0,0,0,0,1,0,1,1,1,0,0,0,0,1
1,1,0,1,0,0,1,1,1,0,0,1,0,0,1,0,1,0,0,0,0,0,0,0,1,0,1,1,0,1,0,0,0,1
0,1,1,0,0,0,1,1,1,0,0,0,0,0,1,0,0,1,0,0,0,0,1,0,0,1,1,1,0,1,0,1,0,1
1,0,1,0,0,0,1,0,1,1,1,1,0,0,1,0,0,0,0,0,0,0,0,0,1,1,1,1,0,1,1,0,0,1
0,1,1,0,0,0,1,0,1,0,1,1,0,0,0,1,0,0,0,0,0,0,0,0,0,1,0,0,1,1,0,0,1,1
0,1,0,0,0,0,1,1,0,0,1,1,0,1,0,0,0,0,0,0,0,1,1,0,1,1,1,1,0,1,1,1,0,1
0,0,1,0,0,0,1,1,1,0,0,0,0,0,0,0,0,0,0,0,0,0,0,0,1,1,1,0,1,1,0,0,1,0
0,0,0,0,0,0,1,1,0,0,1,1,0,0,1,0,0,0,0,0,0,0,0,0,1,1,1,1,1,1,1,0,0,1
1,0,0,1,0,0,1,1,1,0,1,1,0,0,0,1,1,0,0,0,0,1,1,0,1,1,1,1,0,1,1,1,0,0
0,0,1,0,0,0,1,1,0,1,0,1,0,0,0,0,0,0,0,1,1,0,1,0,0,1,1,1,1,1,1,0,0,0
0,1,0,1,0,0,1,0,1,0,1,0,0,0,0,0,1,0,0,0,0,1,0,0,1,1,1,1,1,0,0,1,1,0
0,0,0,0,0,1,1,1,1,1,1,1,0,0,1,1,1,0,0,0,0,0,0,0,0,0,1,1,1,1,1,1,0,0
0,1,0,1,0,0,0,0,1,0,0,1,0,1,0,0,1,0,0,1,0,0,0,0,1,1,1,0,0,1,1,0,0,1
0,0,0,0,0,0,0,1,0,0,0,1,0,1,1,1,0,0,0,0,0,0,0,0,1,1,1,1,0,1,0,0,0,0
1,1,1,1,0,0,1,0,0,0,0,1,0,1,0,0,0,0,0,0,0,0,1,0,1,1,1,1,1,1,1,0,0,1
1,1,0,0,0,0,1,0,0,0,1,1,0,0,0,1,1,1,0,0,0,0,0,0,0,1,1,1,1,1,0,1,0,0
1,0,0,0,0,0,1,0,1,0,0,1,0,0,0,0,0,0,0,0,0,0,0,0,0,1,0,1,1,1,1,0,0,1
0,0,1,0,1,0,0,1,1,1,0,1,0,0,0,0,1,1,0,0,0,0,1,0,1,0,0,1,1,1,1,0,0,1
1,0,1,0,0,0,1,1,0,0,1,1,0,1,0,0,1,1,1,0,0,0,0,0,1,0,1,1,1,1,0,0,0,1
0,0,0,0,0,0,1,1,0,0,0,1,0,0,0,0,1,0,0,0,0,0,0,0,1,1,1,0,0,1,1,0,1,1
1,0,0,0,0,0,1,0,0,0,0,1,0,1,0,0,0,0,1,0,0,1,0,0,1,1,1,1,1,1,0,1,0,0
0,1,0,0,0,0,1,0,1,0,1,0,0,0,1,0,0,0,0,0,1,0,0,0,1,0,1,0,0,1,0,0,1,1
0,0,1,0,0,0,1,0,0,1,1,1,0,1,0,1,0,0,0,0,0,1,0,0,1,1,1,1,1,0,0,1,0,0
0,1,0,0,1,0,0,0,1,1,0,1,0,0,1,0,1,0,0,0,0,0,0,0,1,1,1,1,1,1,1,0,0,1
1,0,1,0,0,0,1,0,0,1,0,1,0,1,0,1,1,0,1,0,0,0,1,0,1,0,1,1,0,1,1,0,0,0
1,1,1,1,1,0,1,1,1,0,1,1,0,0,1,1,1,0,0,0,0,0,1,0,1,0,1,1,1,1,0,0,0,1
1,1,0,0,0,0,1,1,1,0,0,0,0,0,0,0,0,0,0,0,0,0,0,0,1,1,1,1,1,1,1,0,1,0
0,0,1,0,0,0,0,1,1,1,1,0,0,1,0,0,0,0,0,0,0,1,0,0,1,1,1,1,1,1,1,1,1,0
0,0,0,0,0,0,1,1,0,0,1,1,0,0,0,0,0,0,0,0,0,0,1,0,1,0,1,1,1,1,1,0,0,1
0,0,0,0,0,0,1,0,1,1,0,1,0,0,0,0,0,1,0,0,0,0,0,0,0,1,1,1,1,1,1,1,0,1
0,1,0,0,0,0,0,1,1,1,1,1,0,0,0,0,0,1,0,0,0,0,0,0,1,1,1,1,0,1,0,0,1,1
0,1,0,0,0,1,1,0,1,0,0,1,0,0,0,0,0,0,0,0,0,0,0,0,0,1,1,1,0,1,0,0,1,1
1,1,0,0,0,0,0,0,1,0,0,1,0,0,1,1,0,0,1,0,1,0,0,0,1,0,1,0,0,1,1,0,0,1
0,0,1,0,0,0,1,1,0,0,1,1,0,0,0,0,0,0,0,0,0,0,1,0,0,1,1,1,1,0,0,1,1,1
1,1,0,1,0,0,1,1,1,1,1,1,0,0,0,0,0,0,0,0,0,0,0,0,1,1,1,1,1,1,1,0,0,0
1,1,0,1,0,0,0,1,1,0,1,0,0,0,1,1,1,1,0,0,0,0,0,0,1,0,1,0,1,1,0,0,0,0
0,1,1,0,0,0,1,1,1,1,0,0,0,1,0,0,1,0,0,1,0,0,0,0,1,1,1,1,1,1,0,0,1,1
0,0,0,0,0,0,1,0,1,0,0,1,0,1,0,0,0,0,0,0,0,0,0,0,1,1,0,0,0,1,1,0,1,0
0,0,0,0,0,0,1,1,1,1,0,0,0,0,0,0,1,1,0,0,0,0,1,0,1,1,1,1,0,1,1,0,0,0
0,1,0,0,0,0,1,0,0,0,1,0,0,0,0,1,1,1,0,0,0,0,0,0,0,1,1,1,1,1,0,0,0,1
0,1,1,0,0,0,1,1,1,1,1,0,0,1,0,0,0,0,0,0,0,0,1,0,1,1,0,1,1,0,0,0,0,0
0,1,1,0,0,0,0,1,1,0,0,1,0,0,1,0,0,0,0,0,0,0,0,0,0,0,1,1,1,1,1,0,0,1
1,0,0,0,0,0,1,1,1,0,1,0,0,0,1,0,0,0,0,0,0,0,1,0,0,1,1,0,1,1,0,0,0,0
0,0,0,0,0,0,1,0,0,1,1,1,0,0,1,0,1,1,0,0,0,0,0,0,1,0,1,1,1,0,0,0,0,1
0,0,1,0,0,0,1,1,1,0,1,1,0,0,0,0,1,0,0,0,0,0,0,0,1,0,0,1,1,1,0,0,0,0
0,1,0,1,0,0,1,0,1,0,0,1,0,0,1,0,0,1,0,0,0,0,1,0,1,0,1,1,1,0,1,0,0,1
1,1,1,0,0,0,1,1,1,1,0,1,0,0,0,1,0,0,0,0,0,0,0,0,1,1,1,0,1,1,0,0,1,1
0,1,0,0,0,0,1,1,1,0,0,1,0,1,0,0,0,0,0,0,0,0,0,0,0,1,1,0,1,1,1,0,0,1
0,0,0,1,0,0,0,0,0,0,0,0,1,0,1,1,1,1,0,0,0,0,0,0,0,1,1,1,1,1,0,1,1,0
1,0,0,0,0,0,0,0,0,0,0,0,0,0,1,1,0,0,0,1,0,0,0,0,1,0,1,1,1,1,1,0,0,1
0,1,0,0,0,0,1,1,0,0,0,1,0,0,1,0,0,0,0,0,0,1,1,0,1,1,1,1,0,1,0,1,0,0
0,1,1,0,0,0,1,0,1,1,0,1,0,0,1,1,0,0,0,0,0,0,1,0,0,1,1,1,1,1,0,0,1,1
1,1,0,0,0,0,0,0,0,0,0,0,1,0,0,0,0,1,0,0,0,1,0,0,1,0,1,1,1,1,0,1,0,0
0,0,0,0,0,1,0,1,1,0,1,0,0,0,0,0,1,0,0,1,0,0,1,0,1,1,1,0,0,0,0,0,1,1
1,1,0,1,0,0,1,0,0,0,0,0,0,1,1,0,0,1,0,0,0,0,0,0,0,0,1,1,1,1,0,1,0,0
0,0,1,0,0,1,1,0,1,0,0,1,0,0,0,0,0,0,0,0,0,0,0,0,1,1,1,1,0,1,0,0,1,0
0,0,0,0,0,0,1,0,1,0,1,1,0,1,0,0,1,0,1,0,0,0,0,0,0,1,1,0,0,1,0,0,1,1
1,1,1,0,0,0,1,1,1,0,0,1,0,1,1,0,1,0,0,0,0,0,1,0,1,1,1,1,1,0,0,0,1,1
0,0,0,0,0,0,1,0,0,0,0,1,0,0,0,0,1,0,0,1,1,1,0,0,1,1,1,1,1,0,0,1,0,0
0,1,0,0,1,0,0,0,0,0,0,0,1,0,0,0,1,0,0,0,0,0,0,0,1,0,1,0,1,0,0,0,0,1
1,0,0,0,0,0,1,1,0,1,0,1,0,0,0,0,0,0,0,0,0,0,0,0,0,0,1,1,1,0,1,1,1,0
0,0,0,0,0,0,0,1,1,0,0,1,0,0,0,0,1,1,0,0,0,0,0,0,1,1,1,0,0,1,0,0,0,0
0,1,1,0,0,0,1,0,0,1,1,1,0,0,0,1,0,1,0,0,0,0,1,0,1,1,1,1,1,1,1,0,0,0
0,1,1,1,0,0,0,0,1,1,1,0,0,0,1,0,1,0,0,0,1,0,1,0,1,1,0,1,1,1,1,0,0,1
0,0,0,0,0,0,1,0,0,0,1,1,0,0,0,0,0,0,0,1,0,1,1,0,1,1,1,1,0,0,0,1,0,0
0,1,1,0,0,0,0,0,0,0,0,0,1,1,1,0,0,0,0,0,0,0,0,0,1,1,1,0,1,1,0,0,1,1
1,0,0,0,0,0,1,0,1,0,0,1,0,0,1,1,0,0,0,0,0,0,1,0,1,1,1,0,1,1,0,0,0,0
0,1,0,0,0,0,1,1,0,0,0,0,0,0,0,0,1,1,0,0,0,0,1,0,0,0,1,0,0,0,0,0,0,1
0,1,1,0,0,0,1,1,0,1,0,0,0,0,1,1,0,0,0,0,0,0,0,0,1,1,1,1,0,1,1,0,0,1
1,0,1,0,0,0,0,1,0,1,0,1,0,1,1,0,1,0,0,0,0,0,0,0,1,1,1,0,0,1,0,0,0,1
1,0,1,1,0,0,1,1,1,0,1,1,0,0,1,0,0,0,0,0,0,0,1,0,1,1,1,0,1,1,1,0,0,1
0,0,0,1,0,0,0,0,0,0,0,0,1,1,0,0,0,0,0,0,0,0,0,0,0,1,1,1,0,1,0,1,0,0
0,1,0,0,0,0,1,1,1,0,1,0,0,1,0,0,1,0,0,1,0,1,1,0,1,1,1,1,0,1,1,1,1,0
1,1,1,0,0,0,0,0,0,1,0,1,0,0,0,0,1,0,0,0,0,0,0,0,1,1,1,0,1,1,1,0,0,0
0,0,0,0,0,0,1,0,1,0,0,1,0,0,0,0,1,1,0,1,1,1,0,0,1,1,1,1,1,1,1,1,1,0
1,0,0,0,0,1,0,1,0,0,0,1,0,0,0,1,1,1,0,0,0,0,1,0,1,1,1,1,0,1,1,0,0,0
1,1,0,0,0,1,0,0,0,0,0,0,1,0,0,0,1,0,0,0,0,0,0,0,0,1,0,1,1,0,0,1,0,0
0,0,1,0,1,0,1,1,0,0,0,0,0,0,1,1,0,0,1,0,0,1,0,0,1,1,1,1,1,1,0,1,0,0
0,0,1,1,0,0,1,1,1,1,0,0,0,1,0,0,0,0,0,0,0,0,0,0,0,0,1,1,1,1,1,1,0,1
1,0,0,0,0,0,1,1,0,0,1,0,0,1,0,1,1,0,0,0,0,0,1,0,1,1,1,1,1,1,1,0,0,1
1,1,0,1,1,1,1,1,0,0,1,0,0,1,1,0,1,0,1,0,0,0,0,0,0,1,1,1,1,1,0,1,1,0
0,0,0,0,0,0,0,1,0,1,0,1,0,0,0,0,0,0,0,0,0,0,0,0,0,0,1,1,0,1,0,1,1,0
1,1,1,0,0,0,1,0,0,1,1,1,0,0,0,0,0,0,0,0,0,1,1,0,1,1,1,1,1,1,1,1,0,1
0,0,0,0,0,0,0,0,0,1,0,1,0,0,1,0,0,0,0,1,0,0,0,0,1,1,1,0,1,1,0,0,1,1
0,1,1,0,0,1,1,1,1,0,0,1,0,0,1,0,0,0,0,0,0,0,0,0,1,1,0,1,1,1,0,0,0,1
1,1,1,0,0,0,0,1,1,0,0,1,0,0,0,0,0,0,0,0,0,1,1,0,1,1,1,1,0,1,1,1,1,0
1,1,1,0,0,0,1,1,1,1,1,1,0,0,1,0,0,1,0,0,0,1,1,0,1,0,1,1,0,0,1,1,1,0
0,0,0,0,0,0,1,1,0,1,1,1,0,0,0,0,1,0,0,1,0,0,0,0,1,1,0,1,1,1,1,0,0,0
1,0,0,0,0,0,1,1,0,0,0,1,0,1,0,0,0,0,0,0,0,1,0,0,1,1,1,0,1,0,0,1,1,0
0,0,0,0,0,0,1,0,1,0,1,1,0,0,1,0,1,0,0,0,0,0,0,0,1,1,1,0,1,1,0,0,1,1
0,0,1,1,0,0,0,1,1,0,0,1,0,0,1,0,0,1,0,0,0,0,0,0,0,1,1,1,1,1,0,0,1,0
1,1,0,0,0,0,1,0,1,0,0,0,0,0,0,0,0,0,0,0,0,0,0,0,0,1,1,1,0,1,0,1,1,0
0,1,1,0,1,0,0,0,0,0,0,0,1,0,0,1,0,1,0,0,0,0,0,0,1,0,1,1,1,1,1,0,0,0
0,0,0,1,0,0,1,0,1,0,0,0,0,0,0,0,0,0,0,0,1,0,0,0,0,1,1,1,1,1,0,1,1,0
1,1,1,0,0,1,1,1,1,0,1,1,0,0,0,0,1,1,0,0,0,0,0,0,1,0,1,1,1,1,0,0,0,1
1,0,0,0,0,0,1,0,0,1,0,1,0,0,0,1,0,1,0,0,1,0,1,0,1,1,1,1,0,1,0,0,0,0
0,1,0,0,0,0,0,1,1,1,1,1,0,1,0,1,0,1,1,0,0,0,1,0,1,1,1,1,0,1,1,0,0,0
0,1,0,0,0,0,1,0,0,0,1,1,0,1,0,1,0,0,0,0,0,1,0,0,1,1,0,1,1,1,1,1,0,0
0,0,0,1,0,0,0,0,0,0,0,0,1,0,0,0,0,1,0,0,0,0,0,0,0,1,1,1,1,1,0,1,0,0
0,0,1,0,0,0,1,1,1,0,1,1,0,1,0,0,1,0,0,0,0,0,0,0,1,1,1,1,1,1,0,0,0,0
0,0,0,0,0,0,0,1,1,1,1,1,0,1,0,0,1,0,0,0,0,0,0,0,1,0,1,1,1,0,1,0,0,0
1,0,0,0,0,0,0,1,0,0,0,1,0,0,0,0,1,0,0,0,0,0,0,0,0,1,1,1,1,1,0,1,0,0
0,0,0,0,0,0,0,1,1,1,0,1,0,0,0,0,0,0,0,1,0,0,0,0,1,1,1,1,1,0,0,0,1,0
0,1,1,1,0,0,0,1,0,1,0,1,0,1,0,0,1,0,0,0,0,0,1,0,1,0,1,0,1,1,0,0,0,1
0,0,1,1,0,0,0,1,1,0,1,0,0,1,0,0,1,0,0,0,0,0,0,0,1,1,0,1,1,1,1,0,0,1
0,0,0,0,0,0,1,1,0,1,0,0,0,0,0,0,1,0,0,0,0,1,1,0,1,1,1,1,1,1,1,1,0,0
1,0,0,0,0,0,1,0,1,1,1,0,0,1,0,0,1,0,0,0,0,0,0,0,0,0,1,1,1,1,1,0,0,0
1,1,1,0,1,0,1,1,0,1,0,1,0,0,1,0,0,0,0,0,1,0,0,0,0,1,1,1,1,1,1,1,1,0
1,0,1,0,0,0,0,1,1,1,1,1,0,0,0,0,1,0,0,1,0,0,0,0,1,0,0,1,1,1,1,0,0,0
0,0,1,1,0,0,1,1,0,0,1,1,0,0,0,0,1,0,0,0,0,0,1,0,1,1,1,0,1,1,1,0,0,1
0,1,1,0,0,0,1,1,1,0,0,1,0,1,0,0,1,1,0,1,0,0,0,0,1,1,1,1,0,0,1,0,0,1
1,1,1,0,0,0,0,0,0,0,0,0,1,0,1,0,1,1,0,0,0,0,0,0,1,1,1,0,0,1,1,0,1,1
0,0,0,0,0,0,1,0,0,0,0,1,0,0,0,0,0,0,0,0,0,1,0,0,1,1,0,1,0,1,0,1,1,1
0,1,0,0,0,0,1,1,0,0,1,1,0,0,0,0,0,1,0,0,0,0,0,0,0,1,0,1,0,1,1,0,0,0
0,0,0,0,0,0,1,1,0,0,0,1,0,1,1,0,1,0,0,0,0,0,0,0,0,1,0,1,0,1,0,0,0,1
0,1,0,0,0,0,1,0,1,1,0,1,0,1,0,0,0,1,0,0,0,0,1,0,1,1,1,1,1,1,0,0,1,1
1,1,0,0,0,0,1,1,1,0,1,0,0,0,1,0,1,0,0,0,1,0,0,0,1,1,1,1,1,0,0,0,1,1
0,0,0,0,1,0,0,0,1,0,0,0,0,1,1,1,0,0,0,0,0,0,0,0,0,1,1,1,1,1,0,1,0,0
0,1,0,0,0,0,1,0,0,0,1,1,0,0,1,1,0,1,0,0,0,0,0,0,1,1,0,1,1,1,1,0,0,1
0,1,0,0,0,0,1,1,1,1,1,0,0,1,1,0,1,0,0,1,0,0,1,0,1,1,1,1,0,1,0,0,0,0
0,0,0,1,0,0,1,0,1,1,0,0,0,0,1,0,1,0,0,0,0,0,0,0,0,0,0,1,1,1,1,0,0,1
0,0,0,1,0,0,1,0,1,0,1,0,0,1,0,0,1,0,0,0,0,0,0,0,1,0,1,1,1,1,0,0,0,0
0,0,1,0,0,0,1,0,1,1,1,1,0,1,0,0,0,0,0,0,0,0,0,0,0,1,1,1,1,1,0,1,0,0
0,1,0,0,0,0,1,1,1,0,0,1,0,0,0,0,0,1,0,0,0,0,1,0,0,0,1,1,1,0,0,0,0,0
0,1,1,0,0,0,1,0,1,1,1,1,0,1,1,0,0,0,0,0,0,0,0,0,0,1,1,0,1,1,1,0,1,1
0,1,0,0,0,0,0,0,1,1,0,1,0,0,1,0,0,0,0,0,0,1,0,0,1,1,1,0,1,0,1,1,0,1
0,0,0,0,0,0,0,0,0,0,0,1,0,0,1,0,0,0,1,0,0,0,1,0,1,1,1,1,0,1,0,0,0,0
0,0,1,0,1,0,1,1,1,0,1,0,0,0,0,0,1,1,0,0,0,0,0,0,1,1,0,0,1,1,0,0,0,0
0,0,0,0,0,0,1,0,0,0,1,0,0,0,0,1,0,0,0,0,0,0,0,0,1,1,1,1,0,1,1,0,0,0
0,0,0,0,0,0,1,1,1,0,1,1,0,1,1,0,1,0,0,0,0,1,1,0,1,1,1,1,0,1,0,1,0,0
1,0,0,0,0,0,1,0,1,0,1,0,0,0,1,1,0,0,0,0,0,0,0,0,0,1,1,1,1,1,0,1,0,0
0,0,0,0,0,0,0,0,1,1,0,1,0,1,1,0,1,0,0,0,0,0,0,0,0,0,1,1,1,1,1,0,0,0
0,1,0,0,0,0,1,0,0,1,0,1,0,0,0,0,0,1,0,1,0,0,1,0,0,1,1,1,1,1,1,1,0,1
0,1,1,0,0,0,1,1,1,0,0,1,0,1,0,1,0,0,0,0,0,0,1,0,0,0,0,0,1,1,0,0,0,0
0,0,0,0,0,0,1,0,1,0,0,1,0,0,0,0,0,0,0,0,0,0,0,0,1,1,1,1,1,1,0,0,1,1
0,0,0,0,0,0,1,1,1,0,1,1,0,0,0,0,0,1,0,0,0,0,0,0,1,1,1,1,1,1,1,0,0,1
0,0,1,0,0,0,0,0,0,1,1,0,0,0,0,1,1,0,0,1,0,0,0,0,1,1,1,0,1,1,0,0,1,1
1,0,0,0,0,0,1,1,1,1,0,1,0,1,1,0,0,0,0,1,0,0,1,0,1,1,1,1,1,1,0,0,0,0
1,0,1,0,0,0,1,1,1,0,0,1,0,0,0,0,0,0,1,0,0,0,0,0,0,1,1,0,1,1,0,1,0,0
0,0,1,0,0,1,1,1,0,1,0,1,0,1,1,0,0,1,0,1,0,0,0,0,1,1,1,0,0,1,1,0,0,1
1,0,0,0,0,1,0,0,0,0,0,0,1,1,0,0,1,0,0,0,0,0,0,0,0,0,0,1,1,1,0,1,1,0
0,1,0,1,0,0,1,0,0,0,1,1,0,0,0,0,0,1,0,1,0,0,0,0,0,1,1,1,1,1,0,1,0,0
0,1,0,0,0,0,1,0,1,1,0,0,0,0,0,1,0,1,0,0,0,0,0,0,1,1,1,1,1,1,1,0,0,1
1,1,1,0,0,0,0,0,1,0,1,1,0,1,0,0,0,0,0,0,0,0,0,0,1,1,1,0,1,1,0,0,1,0
0,1,0,0,0,0,1,1,1,1,0,1,0,1,1,0,0,1,0,0,1,0,0,0,0,1,1,1,1,1,1,1,0,0
0,0,0,1,0,0,1,0,0,0,0,0,0,1,0,0,0,0,1,0,0,0,0,0,0,0,1,1,1,1,0,1,1,1
0,1,0,1,0,0,0,0,1,0,0,0,0,0,0,1,1,0,0,1,0,0,0,0,0,1,1,1,1,1,1,0,0,1
1,0,0,1,0,0,1,1,1,0,1,1,0,0,0,0,1,0,0,0,0,0,0,0,0,1,0,1,1,1,0,1,1,0
0,0,0,0,0,0,1,0,0,0,0,0,0,1,1,0,1,0,0,0,0,0,0,0,1,0,1,1,1,1,0,0,0,0
0,1,1,0,0,1,1,0,0,0,0,1,0,0,1,0,0,1,0,0,0,0,0,0,0,1,1,1,1,1,0,1,0,0
1,0,0,0,0,0,1,1,1,0,0,0,0,0,1,0,0,0,0,1,0,0,0,0,0,1,1,1,1,0,0,1,1,0
0,1,1,0,0,0,0,0,0,1,1,1,0,0,1,1,0,0,0,0,0,0,1,0,1,1,0,1,1,0,1,0,0,0
1,0,1,0,0,0,0,1,0,0,1,1,0,1,0,0,0,0,0,0,0,0,0,0,0,0,1,1,1,1,1,0,0,0
0,0,1,0,0,1,1,1,0,0,0,1,0,1,0,0,0,1,0,1,0,1,0,0,1,1,1,0,1,1,1,1,1,1
0,0,1,0,0,0,1,1,1,0,0,0,0,0,0,0,0,0,0,1,0,0,0,0,1,1,1,0,1,1,0,0,1,0
0,0,1,1,0,0,0,1,1,0,0,1,0,0,0,1,0,0,0,0,0,0,0,0,1,0,0,0,1,1,0,0,0,0
0,0,0,0,0,1,0,1,1,0,0,1,0,1,1,0,0,1,0,0,0,0,0,0,0,1,1,1,1,1,0,1,0,0
0,0,0,0,0,0,1,1,0,1,0,1,0,1,0,1,1,0,0,0,0,0,0,0,1,1,0,0,1,1,1,0,0,1
0,0,0,0,0,0,1,1,0,0,1,0,0,1,1,0,0,0,0,0,0,0,0,0,0,0,1,1,1,1,0,0,1,1
0,1,0,0,0,0,1,0,0,1,0,0,0,0,1,0,0,1,0,0,0,0,0,0,1,1,1,0,1,0,0,0,1,1
1,1,1,0,0,0,1,1,0,1,0,1,0,0,0,0,1,0,0,0,0,0,0,0,1,1,1,1,1,1,0,0,1,0
0,1,1,0,0,0,0,0,0,0,0,0,1,0,1,0,1,0,0,0,0,0,1,0,0,0,1,0,0,1,1,0,0,0
0,0,0,0,0,0,1,1,1,0,0,1,0,0,0,0,0,1,1,0,0,0,0,0,0,1,1,1,1,1,1,1,1,1
0,0,0,0,1,0,1,1,1,1,0,1,0,0,0,0,0,0,0,0,0,0,0,0,1,0,1,1,1,1,1,0,0,1
0,1,1,0,0,0,1,1,0,1,0,1,0,1,0,0,0,1,0,0,0,0,0,0,1,0,1,1,1,1,1,0,0,1
0,0,0,0,0,0,0,1,1,0,1,1,0,1,1,1,0,0,0,0,0,0,1,0,1,1,1,1,1,1,0,0,1,0
0,0,0,0,0,0,1,1,0,1,1,1,0,0,0,0,0,1,0,0,0,0,0,0,0,1,1,1,1,1,1,0,0,1
1,0,0,0,0,0,1,1,0,0,1,1,0,1,0,1,0,0,0,0,0,0,0,0,0,0,1,1,1,1,0,1,1,0
0,0,0,0,0,0,0,0,0,0,0,0,1,1,0,0,0,0,0,0,0,0,1,0,0,1,0,1,1,1,0,0,0,1
0,0,0,0,0,0,1,1,1,1,0,1,0,0,0,0,0,0,0,1,0,0,1,0,1,1,0,1,0,1,1,0,0,0
0,0,0,0,0,0,1,0,1,1,0,1,0,0,0,0,1,0,1,0,0,0,0,0,0,0,1,1,1,1,0,1,0,0
1,0,0,1,0,0,0,1,1,0,0,0,0,0,0,0,0,1,0,0,0,0,1,0,1,1,1,1,0,1,0,0,0,1
1,1,1,0,0,0,0,0,0,0,1,1,0,1,1,0,0,0,1,0,0,1,1,0,1,1,1,0,0,1,1,1,0,1
0,1,1,0,0,1,0,1,0,0,0,0,0,0,1,0,0,0,0,0,0,0,0,0,1,1,1,1,1,1,1,0,0,1
0,1,0,0,0,0,0,0,1,1,1,1,0,0,1,0,1,0,0,1,0,0,1,0,0,1,1,1,1,1,1,0,0,0
0,1,0,0,0,0,0,0,1,0,0,1,0,1,1,1,1,1,0,0,0,1,0,0,1,0,1,1,1,1,0,1,0,0
1,0,1,0,0,0,1,0,1,0,0,1,0,1,1,0,0,0,0,0,0,0,0,0,0,1,1,0,0,1,0,0,1,0
1,0,1,1,1,0,1,1,0,0,1,1,0,0,1,0,1,0,0,0,0,0,1,0,1,1,1,1,0,1,1,0,0,1
0,0,0,0,1,0,1,1,0,0,1,1,0,0,0,1,0,0,0,0,0,0,1,0,1,1,1,1,1,1,0,0,0,0
1,0,0,0,0,0,1,0,1,1,1,1,0,0,0,0,1,0,0,0,0,1,0,0,1,0,1,1,1,1,0,1,0,0
0,1,0,0,0,0,0,0,0,0,0,0,1,0,0,0,0,0,0,0,0,0,1,0,1,0,0,1,1,1,0,0,0,1
0,0,0,0,0,0,1,0,1,1,1,1,0,1,1,0,1,0,0,0,1,0,0,0,0,1,1,1,1,1,0,1,1,1
1,1,1,0,0,0,0,1,0,0,0,1,0,1,1,0,1,0,0,0,0,0,0,0,1,1,0,0,0,1,0,0,1,1
1,0,0,0,0,0,1,1,1,0,1,1,0,0,1,0,0,0,0,0,0,0,0,0,1,1,1,0,0,1,0,0,0,1
0,1,1,0,0,0,1,0,0,0,1,0,0,0,0,0,1,0,0,0,0,0,0,0,1,1,1,1,0,1,0,0,1,1
1,1,1,0,0,0,0,0,1,0,1,0,0,0,0,1,0,0,0,0,0,0,0,0,1,0,1,1,0,1,0,0,1,1
0,1,0,0,0,0,0,1,1,1,0,1,0,0,0,0,0,0,0,0,0,0,0,0,1,1,0,1,1,0,0,0,1,1
0,1,1,0,0,0,0,1,1,1,0,0,0,1,0,0,1,0,0,0,0,0,1,0,1,1,1,1,1,1,0,0,1,1
0,0,0,0,0,0,1,1,1,0,1,1,0,0,0,0,0,0,0,0,0,0,0,0,0,1,1,1,1,0,0,1,0,0
0,1,1,0,0,0,0,1,0,0,1,0,0,1,1,0,1,0,0,0,0,0,0,0,1,1,1,1,1,1,0,0,1,1
0,1,0,0,0,0,1,1,1,0,1,1,0,0,1,0,0,1,0,1,0,0,0,0,0,0,1,1,1,1,0,0,0,1
0,1,0,0,0,0,0,1,1,0,1,1,0,0,0,1,0,0,0,0,0,0,1,0,1,1,1,1,1,1,1,0,0,0
0,0,0,0,0,0,1,0,0,0,0,0,0,1,0,0,1,0,0,0,0,0,0,0,0,1,1,1,1,1,0,1,1,0
0,0,1,1,0,0,0,0,0,0,0,0,1,0,0,1,0,0,1,0,0,0,0,0,0,1,1,1,1,0,0,0,0,0
0,0,0,0,0,0,1,1,1,0,0,1,0,1,0,0,0,0,1,0,0,0,0,0,1,1,1,0,1,1,0,0,1,0
1,1,1,0,0,0,1,1,1,0,1,1,0,0,1,0,0,0,0,0,0,0,0,0,1,1,1,1,1,1,1,0,1,1
0,1,0,0,0,0,0,0,1,1,0,1,0,0,0,0,0,0,0,0,0,0,0,0,0,1,1,1,1,1,0,0,1,1
1,0,1,0,0,0,0,0,1,0,1,0,0,0,1,0,0,1,0,0,0,0,0,0,1,1,1,0,1,1,1,0,1,1
1,0,1,0,0,0,1,0,0,1,1,1,0,1,1,0,0,0,0,0,1,0,0,0,0,1,1,1,1,1,0,0,1,1
0,0,1,0,0,0,0,1,1,0,0,1,0,0,1,0,0,1,0,0,0,0,0,0,1,1,1,0,1,0,0,0,1,0
0,1,0,0,0,1,0,1,1,1,0,1,0,1,0,0,0,0,0,0,0,0,0,0,1,1,1,1,1,1,0,0,1,1
1,0,0,0,0,0,0,0,0,0,0,0,1,0,0,0,0,0,0,0,0,0,0,0,0,1,1,0,1,1,0,0,1,1
0,0,0,0,1,0,1,1,1,0,0,1,0,0,1,0,0,0,0,1,0,1,0,0,1,1,1,1,1,1,0,1,0,1
0,0,1,0,0,0,1,0,1,0,1,0,0,1,0,0,0,0,1,0,0,0,0,0,0,1,1,1,0,1,0,0,0,0
1,1,1,0,1,0,1,1,0,1,0,1,0,0,0,1,0,1,0,0,0,0,1,0,1,1,1,1,1,1,1,0,0,1
1,0,1,0,0,0,1,0,1,0,1,1,0,0,0,1,1,0,0,0,0,0,0,0,0,1,1,1,1,1,0,1,1,0
0,1,0,0,1,0,1,0,1,0,1,1,0,0,0,0,1,0,0,0,0,0,0,0,0,1,1,0,1,0,0,1,1,0
1,1,0,0,0,0,0,0,1,0,1,1,0,0,0,0,0,1,0,1,0,0,0,0,1,1,1,0,1,0,0,0,0,0
1,1,0,1,0,0,0,0,0,0,0,0,1,0,1,0,0,1,0,0,0,0,0,0,0,1,1,0,1,1,0,0,0,0
1,0,0,0,0,0,0,0,0,0,0,0,1,0,0,1,1,0,0,0,0,0,0,0,0,1,1,1,1,0,0,1,1,0
0,1,0,1,0,0,1,0,0,1,1,1,0,0,0,0,1,0,0,0,0,0,0,0,0,1,1,1,0,1,1,1,0,1
1,0,0,0,1,0,1,0,1,1,1,1,0,0,1,0,0,0,0,0,0,0,1,0,1,1,1,1,1,1,0,0,0,1
0,1,0,0,0,1,1,0,1,0,1,0,0,0,0,0,1,0,0,0,0,1,1,0,1,1,1,1,0,0,0,1,0,1
1,0,0,0,0,0,1,0,1,0,0,0,0,0,0,0,0,0,0,0,0,0,0,0,0,1,1,1,1,1,0,0,1,1
0,1,1,0,0,0,0,0,1,0,0,0,0,0,0,0,0,1,0,0,0,0,0,0,0,1,1,0,1,1,0,0,1,1
0,0,0,0,0,0,1,0,0,0,1,1,0,0,1,0,1,0,0,0,0,0,0,0,0,1,1,0,1,0,0,0,0,0
0,1,0,1,1,0,0,0,1,0,0,1,0,0,1,0,0,0,0,0,0,0,0,0,0,0,1,0,1,1,0,0,0,0
1,0,0,0,0,0,0,0,1,0,1,1,0,0,0,0,1,0,0,0,0,1,0,0,1,0,1,0,1,1,1,1,1,1
0,0,0,0,0,0,1,1,1,0,0,1,0,0,0,0,1,1,0,0,0,1,0,0,1,1,1,1,0,1,0,1,1,1
0,0,0,0,0,0,1,1,1,0,1,1,0,0,1,0,0,1,0,0,1,0,1,0,0,1,1,0,1,1,1,0,0,0
1,0,0,0,0,0,1,0,1,0,0,1,0,0,0,0,0,1,0,0,0,0,0,0,0,1,1,1,1,1,0,1,0,1
0,0,0,1,1,0,0,0,1,0,0,1,0,1,1,0,0,1,0,0,0,0,0,0,0,1,1,1,1,1,0,1,0,1
0,0,1,1,0,0,1,1,1,1,0,1,0,0,0,0,0,0,0,0,0,0,1,0,1,1,1,1,1,1,1,0,0,1
0,0,0,0,0,0,1,0,1,1,1,1,0,1,0,0,1,0,0,0,0,0,0,0,0,0,0,1,1,1,0,1,0,1
1,1,0,0,1,0,1,1,0,1,1,1,0,1,0,1,0,0,0,0,0,0,0,0,1,1,1,1,1,1,1,0,0,0
0,1,1,0,0,0,1,1,1,0,0,0,0,0,0,0,1,1,0,0,0,0,0,0,1,1,1,1,0,1,0,0,1,1
1,1,1,0,0,0,1,0,1,1,1,1,0,1,0,0,0,0,0,0,0,0,1,0,1,1,1,0,1,1,1,0,1,1
1,0,0,0,0,0,1,1,1,0,1,1,0,0,0,0,0,0,0,0,0,0,0,0,1,0,1,1,1,1,0,0,0,0
0,1,0,0,0,0,1,1,1,0,0,1,0,0,0,0,0,0,0,0,0,1,1,0,1,1,1,1,1,0,1,1,1,1
0,0,0,1,0,0,1,1,0,0,1,1,0,0,0,0,1,1,0,0,0,0,0,0,0,1,1,1,1,1,0,1,1,0
0,1,0,0,0,0,0,0,1,0,0,1,0,0,0,0,0,0,0,0,0,0,0,0,0,1,1,1,1,1,0,1,0,0
0,0,1,0,0,0,1,1,0,0,1,1,0,0,0,0,0,0,0,0,1,0,0,0,0,1,1,1,1,0,1,0,0,1
0,0,1,0,0,0,1,0,1,1,1,1,0,1,0,1,0,0,0,1,0,0,1,0,1,1,1,1,1,1,1,0,0,0
1,0,0,0,0,1,0,0,0,0,0,0,1,1,0,0,0,0,1,1,0,0,0,0,0,1,1,1,1,1,1,0,1,0
0,1,1,0,0,0,1,1,1,0,1,0,0,0,1,0,0,0,1,0,0,0,0,0,1,1,0,1,0,0,0,0,1,0
0,1,0,0,0,0,1,1,1,1,0,1,0,0,1,0,0,1,0,1,0,0,0,0,1,1,1,1,0,1,1,0,1,1
1,0,0,0,0,0,0,1,1,1,0,0,0,0,1,0,1,0,0,1,0,0,1,0,1,1,1,1,1,1,1,0,0,1
0,0,0,0,0,0,1,1,0,0,1,1,0,0,0,0,0,1,0,0,0,1,0,0,1,0,0,0,1,1,0,1,1,1
0,1,1,0,0,0,1,0,1,0,1,1,0,1,0,0,1,0,0,0,0,0,0,0,1,1,0,1,1,1,1,0,0,1
1,1,1,0,0,0,0,0,1,1,1,1,0,0,1,0,0,0,0,0,0,0,0,0,1,1,1,0,0,1,0,0,1,1
0,0,0,0,0,0,1,1,0,0,1,1,0,1,0,0,1,0,0,0,1,0,1,0,1,1,1,1,1,1,0,0,0,1
0,1,1,0,0,0,1,1,0,0,0,0,0,1,0,0,0,0,0,0,0,0,0,0,1,1,1,0,1,1,0,0,1,0
0,0,1,0,0,0,0,1,1,0,0,1,0,0,1,0,0,1,0,1,1,0,1,0,1,1,0,1,1,1,0,0,0,1
0,0,0,1,0,0,1,1,0,0,0,1,0,0,0,1,0,0,0,0,0,0,0,0,0,0,1,1,1,1,0,1,1,0
0,0,0,0,0,0,0,1,0,1,1,1,0,0,0,0,0,0,0,0,0,0,0,0,0,1,0,0,1,1,0,1,1,0
0,0,0,1,0,0,1,1,1,1,0,0,0,0,0,0,0,0,0,1,0,0,0,0,1,1,0,0,1,1,0,0,0,1
1,1,1,0,1,0,0,1,0,0,1,1,0,1,0,0,1,0,0,0,0,0,0,0,0,0,1,1,1,1,0,1,1,0
0,1,0,0,0,0,0,0,1,0,0,0,0,0,0,0,0,0,0,0,0,0,0,0,0,1,1,1,0,1,0,0,1,1
1,0,0,1,0,0,1,1,1,1,1,1,0,0,0,1,0,0,1,0,0,0,0,0,0,1,1,0,1,0,0,1,0,0
1,0,0,0,0,0,0,0,1,0,0,1,0,1,0,0,0,1,1,0,0,0,1,0,0,1,1,1,1,1,0,1,0,0
1,1,0,1,0,0,0,1,0,1,0,1,0,1,1,0,0,1,0,0,0,0,0,0,0,1,1,1,1,1,0,0,0,0
1,1,0,0,0,0,0,0,0,1,0,0,0,1,0,0,0,0,0,0,0,0,0,0,1,0,0,1,1,1,1,0,0,1
1,1,1,0,0,0,0,0,0,0,1,1,0,1,1,1,0,0,0,0,0,0,1,0,1,1,1,1,0,1,0,0,0,1
0,0,0,0,0,0,0,0,1,1,1,1,0,0,0,0,0,0,0,0,0,0,0,0,1,1,1,1,0,1,1,0,0,0
0,1,1,1,0,1,0,1,1,1,0,0,0,1,1,0,0,0,0,0,0,0,1,0,1,0,0,1,1,1,1,0,0,1
0,0,1,0,1,0,0,1,1,0,1,1,0,0,0,0,0,1,0,0,0,1,0,0,1,1,1,1,1,1,0,1,0,0
0,0,1,0,0,0,0,1,1,1,1,1,0,0,1,0,1,0,0,0,0,1,0,0,1,1,1,1,1,1,0,1,0,1
0,1,0,0,1,0,0,0,1,1,1,1,0,0,0,0,0,0,0,0,0,0,1,0,1,1,1,1,1,1,1,0,0,1
0,0,1,0,0,0,1,0,0,1,0,1,0,0,0,0,0,0,0,0,0,0,1,0,1,1,1,1,1,1,0,0,0,0
1,0,0,0,0,0,1,1,1,0,0,0,0,0,0,0,0,1,0,0,0,0,0,0,0,1,1,1,1,0,0,1,1,0
0,0,1,0,0,0,1,0,0,0,0,1,0,0,0,0,1,1,1,0,0,0,0,0,1,1,1,0,1,1,0,0,1,1
0,1,0,0,0,0,0,1,1,0,0,1,0,0,0,0,0,1,1,0,0,0,0,0,0,1,1,0,0,1,1,0,1,1
0,1,0,0,0,0,1,1,1,0,1,1,0,0,0,0,0,0,0,0,0,0,0,0,1,1,0,0,1,1,1,0,1,1
0,0,1,0,0,0,1,0,1,0,0,1,0,0,0,0,1,0,0,0,0,0,0,0,0,1,1,0,1,1,1,0,1,0
0,0,1,0,0,0,1,1,0,0,1,1,0,1,0,0,0,0,0,0,0,1,0,0,1,1,0,1,0,1,1,1,1,0
0,1,0,0,0,0,0,1,1,1,1,1,0,0,0,0,0,0,0,0,0,0,0,0,1,1,1,1,0,0,0,0,1,0
0,0,0,1,0,1,1,0,1,0,1,1,0,0,1,0,0,0,0,0,0,0,0,0,1,0,1,1,1,1,1,0,0,1
0,1,0,0,0,0,1,1,1,1,0,1,0,1,0,0,1,1,0,0,0,0,1,0,1,1,1,1,0,1,0,0,1,1
0,1,0,0,0,0,1,0,0,0,0,0,0,0,0,1,1,0,0,0,0,0,1,0,0,0,1,1,1,1,1,1,0,0
0,1,0,0,0,0,1,0,0,1,1,0,0,1,0,0,1,0,0,0,0,0,0,0,0,1,1,1,1,1,1,0,0,1
0,1,0,0,1,0,1,0,1,1,0,1,0,0,1,0,0,1,0,0,0,1,0,0,1,1,1,1,1,1,0,1,1,1
0,1,0,0,0,0,1,0,1,0,1,1,0,1,1,0,1,1,0,1,0,0,0,0,1,1,0,1,1,1,1,0,0,0
0,0,1,0,0,0,1,0,1,1,1,0,0,0,0,0,0,1,0,0,0,0,1,0,1,1,1,1,0,0,0,0,0,0
0,1,0,0,0,0,0,0,1,0,1,0,0,0,0,0,1,0,0,0,0,0,0,0,0,1,1,1,1,1,0,0,1,1
0,1,0,0,0,0,1,1,0,0,0,0,0,0,0,0,0,0,0,0,0,0,1,0,1,1,1,1,1,1,0,0,0,0
0,1,1,0,0,0,1,0,0,1,1,0,0,0,0,0,0,1,0,0,0,1,1,0,1,1,1,1,1,1,0,1,0,0
0,1,1,0,0,1,1,0,0,1,1,1,0,0,1,1,0,1,0,0,0,0,1,0,1,1,1,1,0,1,1,0,0,0
1,0,0,0,0,0,0,0,1,1,0,1,0,1,0,1,1,1,0,0,0,0,0,0,1,1,1,1,1,1,0,0,0,1
0,0,0,0,0,0,1,1,0,1,0,1,0,1,0,0,0,0,0,0,0,0,0,0,1,1,1,1,1,0,0,0,1,0
1,0,0,0,0,0,0,1,1,1,1,0,0,0,1,0,0,1,0,0,0,0,0,0,0,1,0,0,1,1,0,0,1,0
1,0,0,0,1,0,1,1,1,0,1,1,0,0,0,1,1,0,0,0,0,0,0,0,0,1,0,1,1,1,0,1,1,0
0,0,0,0,0,0,1,0,1,1,0,1,0,1,0,0,0,0,0,0,0,1,1,0,1,0,1,1,0,0,1,1,0,0
0,0,1,0,0,0,1,1,1,0,0,1,0,0,0,1,0,0,1,1,0,0,0,0,0,1,1,1,1,1,1,1,0,0
1,0,0,0,0,0,0,1,0,0,1,1,0,0,0,1,0,0,0,0,0,0,0,0,0,1,1,1,1,0,0,1,1,0
0,1,1,0,0,0,0,1,0,1,0,1,0,0,0,0,0,0,0,1,0,0,0,0,1,1,1,0,1,1,1,0,1,1
0,1,1,0,0,0,1,0,0,0,1,1,0,1,0,0,1,1,0,0,0,0,0,0,1,0,1,1,1,1,0,0,0,1
1,1,1,0,0,0,1,1,1,1,1,1,0,0,1,0,0,1,0,0,1,0,0,0,0,1,1,0,0,1,1,1,1,1
0,0,0,0,0,0,1,1,1,0,1,1,0,1,0,0,0,0,0,0,0,0,1,0,1,0,1,1,1,1,0,0,0,1
1,1,0,0,0,0,1,1,1,0,1,1,0,0,0,1,0,0,0,0,0,0,0,0,1,0,1,1,0,1,1,0,0,0
0,0,0,1,1,0,1,1,1,0,0,1,0,1,1,0,0,0,0,0,0,0,0,0,0,0,1,1,1,1,0,1,0,1
0,0,0,0,0,0,0,0,1,0,1,1,0,0,0,0,0,1,0,0,0,0,0,0,1,1,1,1,1,1,1,0,1,0
1,1,1,0,0,0,1,1,1,1,0,0,0,0,1,0,1,1,0,0,1,0,0,0,1,1,1,1,0,1,1,0,1,1
1,1,0,0,0,0,1,0,1,1,1,1,0,0,1,1,1,0,0,0,0,1,1,0,1,1,1,1,1,1,0,1,1,0
1,1,1,0,0,0,0,0,0,0,0,0,1,0,0,0,0,0,0,0,0,0,0,0,1,1,0,1,1,1,1,0,0,1
0,0,0,0,0,0,0,1,1,0,0,1,0,0,0,0,0,1,0,0,0,1,0,0,1,1,1,1,1,0,0,1,1,0
0,0,0,0,0,0,1,0,1,1,0,0,0,0,1,0,0,1,0,0,0,0,0,0,1,1,1,0,1,0,0,0,1,1
1,0,0,0,0,0,1,0,1,0,0,0,0,0,0,0,1,0,0,0,0,1,0,0,1,1,1,1,1,1,1,1,0,0
0,0,0,0,0,0,1,1,0,0,1,1,0,1,0,0,1,0,1,0,0,0,0,0,0,1,1,1,1,0,0,1,0,0
0,1,0,0,0,0,1,1,1,1,0,0,0,1,0,0,0,0,0,0,0,0,0,0,1,1,1,1,1,1,1,0,1,0
0,0,0,0,0,1,1,1,0,0,0,1,0,0,0,0,0,0,0,0,0,0,1,0,1,1,1,1,1,1,1,0,0,1
0,1,0,0,0,0,1,0,1,0,1,1,0,0,1,0,1,1,0,0,0,0,0,0,1,1,1,1,0,1,0,0,1,1
0,1,1,0,0,0,1,0,1,0,1,0,0,1,1,0,1,0,0,0,0,0,0,0,1,1,1,1,1,1,0,0,1,1
1,1,1,0,0,0,0,1,1,1,0,1,0,1,1,1,1,0,0,0,0,0,0,0,0,1,1,1,0,0,1,0,1,0
0,1,0,0,0,0,1,1,1,0,1,1,0,1,0,0,0,1,0,1,1,0,0,0,1,0,0,1,1,1,1,0,0,1
0,1,0,0,0,0,1,0,1,0,1,1,0,0,0,1,1,1,0,0,0,0,0,0,1,1,0,1,1,1,0,0,0,1
0,1,0,0,0,0,1,0,1,0,1,1,0,0,1,0,1,0,0,0,0,0,0,0,1,1,1,1,0,0,0,0,1,1
1,0,0,0,0,0,1,0,1,0,1,0,0,1,1,0,0,0,0,0,0,0,1,0,0,0,1,1,1,1,1,1,1,0
0,1,0,1,1,0,0,1,1,1,0,0,0,0,0,1,0,0,0,0,0,0,0,0,1,1,1,0,1,1,1,0,0,0
0,0,0,1,0,0,1,1,1,1,0,1,0,0,0,0,0,1,0,0,0,0,0,0,0,1,1,1,1,1,0,1,0,0
1,0,0,1,0,0,1,1,1,1,0,1,0,1,1,0,1,1,0,0,0,1,0,0,1,1,1,1,1,1,1,1,0,0
0,0,0,0,0,0,1,0,1,0,1,1,0,1,1,0,1,0,0,0,0,0,0,0,1,1,0,1,1,1,0,0,0,1
0,1,1,0,0,1,0,0,1,1,0,1,0,0,1,0,1,1,0,0,0,0,1,0,1,0,1,1,0,1,1,0,0,1
0,0,1,0,0,0,1,0,1,1,0,1,0,0,1,1,0,0,0,0,0,0,0,0,1,1,1,1,0,1,1,0,0,1
1,0,1,0,0,0,1,1,1,0,0,1,0,0,1,0,1,0,1,0,0,0,0,0,1,0,1,1,1,1,1,0,0,0
0,1,0,1,0,0,1,0,1,0,0,1,0,1,1,0,0,0,0,0,0,1,1,0,1,1,1,1,0,0,1,1,0,0
0,0,1,0,0,0,1,1,1,0,0,0,0,0,0,0,1,0,0,0,0,0,0,0,0,1,0,0,0,1,0,0,0,1
0,1,0,0,0,0,1,0,0,1,1,1,0,0,0,0,1,0,0,1,0,0,0,0,1,1,0,0,1,1,1,0,1,0
0,1,1,0,0,0,1,0,1,1,0,1,0,0,1,1,0,0,0,0,0,1,1,0,1,1,1,1,0,1,1,1,0,1
0,0,0,0,0,1,1,1,0,0,0,1,0,1,0,0,0,1,0,0,0,0,0,0,0,0,1,1,1,1,1,0,1,0
0,0,1,0,0,0,0,0,0,1,1,1,0,0,1,0,0,1,0,1,0,0,0,0,1,1,1,0,1,1,1,0,1,1
0,1,1,1,1,0,0,1,1,1,0,1,0,0,0,0,1,0,0,0,0,0,1,0,0,1,1,1,1,1,1,0,0,0
0,1,1,1,0,0,1,1,1,0,1,0,0,1,1,0,0,0,0,0,0,0,0,0,0,1,1,1,1,1,1,1,0,1
0,1,0,1,0,0,1,1,0,1,1,0,0,0,0,0,0,1,0,0,0,0,0,0,0,0,1,1,1,0,1,0,0,1
0,0,0,0,0,0,1,1,0,0,1,1,0,0,1,0,0,1,0,1,0,0,0,0,1,1,0,1,1,1,0,0,1,1
1,0,1,0,0,0,0,0,0,0,1,1,0,1,1,0,1,0,0,0,0,0,0,0,0,0,1,1,1,1,0,0,0,0
1,1,1,0,0,0,1,1,1,1,1,1,0,0,0,0,0,0,0,1,0,1,0,0,1,1,1,1,1,0,1,1,1,1
1,0,1,0,0,0,1,1,1,0,0,1,0,1,0,0,1,1,0,0,0,1,1,0,1,1,1,1,0,0,0,1,1,0
1,1,1,0,0,0,0,1,1,0,0,1,0,0,0,0,0,0,0,1,0,0,0,0,0,1,1,0,1,0,0,1,1,1
0,1,1,0,0,0,1,1,1,0,1,0,0,0,1,0,1,0,0,0,0,0,0,0,0,0,1,0,1,1,0,0,0,1
1,1,0,0,0,0,1,1,1,0,1,1,0,0,0,0,1,0,0,0,0,1,0,0,1,1,1,1,1,1,1,1,1,0
0,0,1,1,1,0,0,0,0,0,0,0,1,1,1,0,0,0,0,0,0,0,0,0,0,1,1,1,1,1,0,1,1,0
0,0,1,0,0,0,1,0,0,1,0,1,0,1,0,1,1,0,1,0,0,0,0,0,1,0,1,1,0,1,1,0,0,1
1,1,0,0,0,0,1,1,1,1,0,0,0,1,0,1,0,0,0,0,0,0,1,0,1,1,1,1,0,1,1,0,0,0
0,0,0,0,0,0,1,1,0,0,1,1,0,0,0,0,1,0,1,0,0,0,1,0,0,0,1,1,1,1,1,0,0,1
0,0,1,0,1,0,0,1,1,1,0,1,0,1,1,0,0,1,0,0,1,0,0,0,0,0,1,1,1,1,1,0,0,1
0,0,1,0,0,0,1,1,1,0,0,0,0,0,1,1,0,0,0,0,0,0,0,0,1,0,1,1,1,1,0,0,0,0
1,0,1,0,0,0,1,0,1,0,0,1,0,0,0,0,1,0,0,0,0,0,1,0,0,1,1,1,1,1,1,0,0,0
1,0,1,0,0,0,1,1,1,1,0,0,0,0,0,0,0,0,0,0,0,1,0,0,1,1,1,1,1,1,1,1,0,0
0,1,0,0,0,0,0,0,0,0,0,0,1,1,0,1,0,1,0,0,1,0,0,0,0,1,1,1,1,1,1,0,0,0
0,1,0,0,0,0,0,1,1,0,0,1,0,1,0,1,1,0,0,0,0,0,0,0,0,1,0,1,1,1,0,0,0,1
1,1,1,1,1,0,0,0,0,1,1,1,0,1,0,1,1,0,0,0,0,1,0,0,1,1,1,1,1,1,1,1,1,0
0,1,0,0,0,0,1,1,1,0,1,1,0,0,1,0,0,0,0,1,0,0,0,0,1,1,1,0,1,1,1,0,1,0
0,0,1,0,0,0,1,1,1,0,0,0,0,0,0,0,1,0,0,0,0,0,1,0,0,1,1,1,1,1,0,0,0,0
1,0,0,0,1,0,0,1,1,0,1,1,0,0,1,0,0,0,0,0,1,0,1,0,1,1,0,1,1,1,1,0,0,1
0,1,0,1,0,0,1,1,0,1,0,1,0,0,1,1,0,0,0,0,0,0,0,0,0,0,1,1,1,1,0,1,1,0
0,1,1,0,0,0,1,1,1,0,0,1,0,0,0,0,0,0,0,0,0,0,1,0,1,1,1,1,1,1,0,0,0,1
0,1,0,0,0,0,1,1,1,1,0,1,0,1,0,0,0,0,1,0,0,1,1,0,1,0,1,1,1,1,1,1,0,0
0,0,0,0,0,0,0,0,0,0,1,1,0,0,0,0,1,0,0,0,0,1,1,0,1,1,1,0,1,0,0,1,1,1
1,0,1,0,0,0,1,1,1,0,1,0,0,1,0,0,0,0,0,0,0,0,1,0,1,1,1,1,1,1,1,0,0,0
1,0,0,1,0,1,1,1,1,0,0,1,0,0,0,1,1,0,0,0,0,1,0,0,1,1,0,1,1,0,0,1,1,0
0,1,1,0,0,0,1,0,1,1,1,0,0,0,0,1,0,1,0,0,0,0,0,0,0,0,1,1,1,1,1,0,0,0
0,1,1,0,0,0,0,0,0,0,1,1,0,0,0,0,1,0,1,0,0,0,1,0,0,1,0,1,1,1,0,0,1,1
0,0,0,1,0,0,1,0,1,0,1,1,0,1,0,0,0,0,0,0,0,0,0,0,0,0,1,1,1,1,0,1,0,0
1,0,0,0,0,0,1,0,1,0,0,1,0,0,1,0,1,0,0,0,0,0,0,0,0,1,1,1,1,1,1,1,0,0
0,0,0,0,0,0,1,1,0,0,0,1,0,0,1,0,1,0,0,0,0,1,0,0,1,1,1,1,1,0,0,1,1,0
0,1,1,0,0,1,1,0,0,1,1,1,0,0,0,1,0,0,0,0,0,0,0,0,0,1,1,1,1,1,1,0,0,1
0,0,0,0,0,0,0,0,1,0,0,1,0,0,1,0,1,0,0,1,0,0,0,0,0,1,1,1,1,1,0,0,0,1
1,1,0,0,0,0,0,0,1,0,0,1,0,1,1,0,0,0,0,1,1,0,0,0,1,1,1,0,1,0,0,0,1,1
0,1,0,0,0,0,0,0,0,0,1,1,0,0,0,1,0,1,0,0,0,0,1,0,0,1,1,1,0,1,0,0,0,1
0,1,0,0,0,1,0,0,1,0,0,1,0,0,1,0,0,1,1,0,0,0,0,0,1,1,1,0,0,1,0,0,0,0
0,0,0,0,1,1,0,1,0,1,1,1,0,0,1,0,0,1,0,0,0,0,1,0,1,0,1,1,0,1,1,0,0,0
0,1,0,0,0,0,1,0,1,1,0,1,0,0,0,0,0,0,0,0,0,0,0,0,0,1,1,1,1,0,1,0,1,1
0,0,1,0,0,0,1,0,0,0,1,1,0,1,0,1,1,0,1,0,0,0,0,0,0,1,1,1,1,1,0,1,0,0
1,0,0,0,0,0,1,1,1,0,0,1,0,0,0,0,0,0,0,0,0,0,0,0,1,0,0,1,1,1,0,0,1,0
0,0,1,0,0,0,1,0,0,0,1,0,0,1,0,0,0,0,0,1,0,0,1,0,1,0,1,1,1,1,1,0,0,0
0,0,1,0,0,0,0,1,0,1,0,1,0,0,0,1,0,1,0,1,0,0,0,0,1,1,1,1,1,1,1,0,0,0
0,0,0,0,0,0,0,0,0,1,0,1,0,0,0,0,1,0,0,0,0,0,0,0,1,0,0,0,1,0,1,0,0,1
0,1,1,0,0,0,0,1,0,0,0,1,0,0,1,0,0,1,0,0,0,0,0,0,0,1,1,1,1,1,0,0,1,1
0,0,0,1,0,0,0,1,1,1,1,0,0,0,0,0,1,0,0,0,0,0,0,0,0,0,0,1,1,1,1,0,0,1
0,1,0,0,0,0,0,1,1,1,0,1,0,1,0,0,1,0,0,0,0,0,0,0,0,1,0,1,1,1,1,1,0,1
0,0,0,1,0,0,1,1,0,0,1,1,0,0,0,1,0,0,0,1,0,0,1,0,1,1,1,1,1,1,0,0,0,1
1,1,1,0,1,0,1,1,1,0,1,1,0,1,0,0,1,0,0,0,0,0,0,0,1,0,0,0,1,1,0,0,0,0
1,1,1,0,0,0,0,0,0,0,0,0,1,0,1,0,1,0,0,0,0,0,0,0,1,1,1,1,0,1,1,0,1,1
0,1,1,0,0,0,0,1,1,0,1,0,0,0,0,0,1,0,1,0,0,0,0,0,1,1,1,1,1,0,1,0,1,1
0,1,1,0,0,0,0,0,1,0,1,1,0,1,1,0,1,0,0,0,0,0,0,0,0,0,0,1,1,1,1,0,0,0
0,0,0,0,0,0,0,0,1,1,1,1,0,1,0,0,0,0,0,0,0,0,0,0,0,1,1,0,1,1,1,0,0,0
0,0,0,0,0,0,0,1,1,0,1,1,0,0,0,0,0,0,0,0,0,0,0,0,0,1,1,1,1,1,0,1,0,0
0,0,0,1,0,1,0,1,1,0,1,1,0,1,1,0,0,1,0,0,0,1,0,0,1,1,1,1,1,1,0,1,0,0
0,0,0,0,1,0,0,1,1,0,0,1,0,0,0,1,0,0,1,0,0,0,0,0,0,1,1,1,1,1,0,1,0,0
0,1,1,0,0,0,1,1,0,0,1,1,0,0,1,0,1,0,0,0,0,0,1,0,1,0,0,1,1,1,0,0,1,1
0,1,1,0,0,0,1,0,1,1,0,1,0,0,0,0,0,0,0,0,0,0,1,0,0,1,0,1,1,0,1,0,0,1
1,1,1,0,0,0,1,1,0,1,0,0,0,1,1,0,0,0,0,0,0,0,0,0,1,1,1,0,1,0,1,0,1,1
0,1,0,0,0,0,1,1,1,0,1,0,0,1,0,1,0,0,0,0,0,0,1,0,0,1,1,0,1,1,1,0,0,0
1,0,0,0,0,0,1,1,1,0,0,1,0,1,0,1,0,1,0,0,0,1,0,0,1,0,1,1,1,1,0,1,0,0
0,1,0,0,0,0,0,0,0,0,0,1,0,0,1,0,1,0,0,0,0,0,1,0,1,1,1,1,1,1,1,0,0,0
0,0,0,0,0,0,1,0,1,0,1,1,0,0,0,0,1,0,0,0,0,1,0,0,1,1,1,1,1,1,0,1,1,0
0,1,0,0,0,0,0,0,1,1,0,1,0,0,1,0,0,0,0,0,0,0,1,0,0,1,1,1,1,0,1,1,0,0
1,1,0,0,0,0,1,1,0,0,0,1,0,0,0,0,1,1,0,0,0,0,1,0,0,1,1,1,0,1,1,0,1,1
0,0,0,0,0,0,0,0,0,0,1,1,0,0,0,0,1,1,0,0,0,1,0,0,1,1,1,1,1,1,1,1,0,0
1,0,0,0,0,0,0,0,1,0,1,1,0,1,0,0,1,0,0,0,0,1,0,0,1,1,1,1,1,1,0,1,1,0
0,0,0,1,0,0,0,1,1,1,0,1,0,0,0,0,1,0,0,0,0,1,0,0,1,0,1,1,1,0,1,1,0,0
0,1,1,0,0,0,1,1,0,1,1,1,0,0,1,0,1,1,0,0,0,0,0,0,1,1,1,1,1,1,0,0,0,1
0,0,0,1,0,0,1,1,0,0,1,1,0,0,1,0,0,0,0,1,0,0,1,0,1,1,1,0,0,1,0,0,0,0
0,0,0,1,0,0,1,0,0,1,0,1,0,0,1,1,0,1,0,0,0,0,1,0,1,1,1,1,0,0,1,0,0,0
0,0,0,0,0,0,0,0,1,1,1,1,0,0,0,1,1,1,0,0,0,1,0,0,1,1,1,1,1,1,1,1,0,0
0,0,0,0,0,0,0,1,1,1,1,1,0,0,0,0,0,0,0,0,0,0,0,0,0,0,1,1,1,1,1,1,0,0
0,1,1,0,0,0,1,1,0,0,0,0,0,0,0,0,1,0,0,0,0,0,1,0,0,0,1,1,1,1,0,1,0,0
0,0,0,0,0,0,0,0,1,1,0,1,0,0,1,0,1,0,0,0,0,0,0,0,0,0,0,1,0,0,0,0,0,0
1,0,1,0,0,0,0,1,1,0,0,0,0,0,1,0,1,0,0,0,0,0,0,0,1,1,0,1,0,1,0,0,0,0
1,1,0,0,0,0,0,1,0,1,0,1,0,0,1,1,0,1,0,0,0,1,0,0,1,0,1,1,1,1,0,1,0,0
1,0,0,0,0,0,0,0,1,0,0,1,0,1,0,1,1,1,0,0,0,1,0,0,1,1,1,1,0,1,0,1,0,1
0,1,0,0,0,0,1,0,1,0,1,1,0,0,0,1,1,0,0,0,0,0,0,0,1,1,0,1,0,1,1,0,0,0
0,1,0,0,1,0,0,0,0,0,0,0,1,0,0,0,0,0,0,0,0,0,0,0,1,1,1,1,1,0,1,0,0,0
1,0,0,1,1,0,1,0,1,0,1,1,0,0,1,1,0,0,0,0,0,0,1,0,0,1,1,1,1,1,0,0,0,1
0,0,0,0,0,0,1,1,0,0,0,0,0,1,0,0,0,0,0,0,0,1,1,0,1,1,1,0,0,1,1,1,0,0
0,0,0,0,0,0,1,1,0,1,1,1,0,1,1,0,1,1,0,0,0,0,0,0,1,1,1,1,1,1,1,0,0,0
0,1,0,0,0,0,1,0,1,1,1,1,0,0,0,0,0,0,0,0,0,0,0,0,1,1,1,0,1,1,1,0,1,1
1,0,1,0,0,0,1,1,0,0,0,1,0,1,1,1,0,0,0,0,1,0,1,0,1,1,1,1,0,1,1,0,0,0
1,0,0,0,1,1,1,1,0,0,0,1,0,0,1,0,0,0,0,0,0,0,0,0,1,0,0,1,1,0,1,0,0,1
0,1,0,0,0,0,1,1,0,1,1,1,0,0,1,1,0,0,1,0,0,0,0,0,1,1,1,0,1,1,1,0,0,1
1,0,0,0,0,0,0,0,0,1,0,1,0,0,0,1,0,1,0,0,0,1,1,0,1,1,1,1,1,1,1,1,0,1
0,1,0,0,0,0,0,0,0,0,0,0,1,0,1,0,0,1,1,1,0,0,1,0,1,1,1,0,0,1,0,0,0,1
0,0,0,0,1,0,1,1,1,0,0,1,0,0,0,1,0,0,0,0,0,1,0,0,1,1,1,1,1,1,0,1,1,0
1,0,0,0,0,0,0,0,0,0,0,0,1,1,1,1,1,0,0,0,0,0,0,0,0,1,1,1,1,1,0,1,0,0
0,0,0,0,0,0,1,0,0,1,1,0,0,1,0,0,0,0,0,0,0,0,1,0,1,0,1,1,1,1,1,0,0,1
1,1,0,0,0,0,1,0,1,0,1,1,0,0,1,0,0,0,0,1,0,0,0,0,1,1,1,1,1,1,1,0,0,1
0,0,0,0,0,0,0,0,0,0,0,0,1,1,0,0,0,1,0,0,0,0,1,0,1,0,1,1,1,1,1,0,0,0
0,1,1,0,0,0,0,0,1,1,0,1,0,0,0,0,0,1,1,1,0,0,0,0,0,1,1,1,1,1,1,0,0,0
0,1,1,1,0,0,1,1,1,0,1,1,0,0,0,0,1,1,0,0,0,0,0,0,1,1,1,0,0,1,1,0,0,0
1,0,1,0,0,0,0,1,0,0,1,1,0,0,1,0,0,0,0,0,0,0,1,0,0,1,1,1,1,1,1,0,0,0
1,0,0,0,0,0,1,1,0,0,0,1,0,1,0,1,1,1,0,0,0,0,0,0,1,0,1,1,1,1,1,0,0,1
0,0,1,0,0,0,1,1,0,0,1,0,0,0,1,0,1,1,0,0,1,1,0,0,1,1,0,1,1,1,0,1,0,0
0,1,0,0,0,0,1,1,1,0,1,1,0,1,1,0,1,0,0,1,0,0,1,0,0,1,1,1,1,1,1,0,0,0
1,1,1,0,0,0,0,0,0,1,0,1,0,1,0,0,0,1,0,0,0,0,0,0,1,1,1,1,1,1,1,0,0,0
1,0,0,0,0,0,0,1,1,1,1,1,0,0,0,0,1,1,0,0,0,0,0,0,1,1,1,1,1,1,1,0,0,1
1,0,0,1,0,0,1,0,1,0,0,1,0,0,0,0,1,0,0,1,0,0,0,0,1,1,1,1,1,1,0,0,0,1
0,1,0,0,0,0,1,0,1,1,1,0,0,0,0,0,0,0,0,0,0,0,1,0,1,1,1,1,0,1,0,0,0,0
1,0,0,0,0,0,1,1,0,1,1,1,0,0,0,1,0,0,0,0,0,1,1,0,1,1,1,1,0,1,1,1,0,1
0,0,1,0,0,0,1,1,1,0,0,1,0,0,0,1,1,1,0,0,0,0,0,0,1,1,1,1,1,1,0,0,0,1
0,0,0,0,0,0,1,1,0,0,1,1,0,0,0,0,0,0,0,0,0,0,0,0,1,1,0,0,1,1,0,0,1,1
0,1,0,0,0,0,0,0,1,0,0,1,0,0,1,0,1,1,0,1,0,0,0,0,0,1,0,1,1,1,0,0,0,1
1,0,0,0,0,0,1,1,1,0,1,1,0,1,1,0,1,0,0,0,0,0,0,0,0,1,1,1,1,1,0,1,0,0
0,0,1,0,0,0,0,0,0,0,0,0,1,0,0,0,1,0,0,1,0,0,1,0,0,0,1,1,1,1,1,0,0,1
0,0,0,0,0,0,1,0,1,0,1,1,0,1,0,1,1,0,0,0,0,0,1,0,0,1,1,1,0,1,1,0,0,0
0,1,1,0,1,0,1,0,0,0,0,0,0,0,1,0,0,0,0,0,1,0,0,0,1,1,1,1,1,1,1,0,0,1
0,0,0,0,0,0,0,1,1,0,0,1,0,0,0,0,0,0,0,0,0,0,0,0,0,1,1,1,1,1,0,1,0,0
1,0,1,0,0,0,1,0,0,1,0,1,0,0,0,0,0,1,0,0,0,0,0,0,0,1,0,1,1,0,0,1,0,0
1,0,1,0,0,0,0,1,1,0,1,1,0,0,1,0,0,0,0,0,0,0,0,0,1,1,1,0,1,1,0,0,0,1
1,1,0,1,0,0,0,1,1,0,0,0,0,0,1,0,0,0,0,1,0,0,0,0,0,1,1,1,1,1,1,1,0,0
0,1,1,0,0,0,1,1,1,0,1,1,0,0,0,0,1,0,0,0,0,0,1,0,1,0,0,0,1,1,0,0,1,1
1,1,0,0,0,0,1,0,0,1,1,1,0,0,1,0,1,0,0,0,0,0,1,0,1,1,0,1,1,1,1,0,0,0
1,1,1,0,0,0,1,1,1,0,0,1,0,0,1,0,0,0,0,0,1,0,0,0,0,1,0,1,0,1,0,0,1,0
0,1,1,1,0,0,1,1,0,0,1,1,0,0,1,0,0,0,0,0,0,0,0,0,1,1,1,1,1,1,1,0,0,1
1,1,1,0,0,0,1,0,1,1,0,1,0,1,0,0,0,1,0,0,0,0,0,0,1,1,1,1,1,0,0,0,1,0
0,0,0,0,0,0,0,0,0,1,1,1,0,0,1,0,1,0,0,0,0,1,1,0,1,0,1,1,1,1,1,1,0,0
0,0,0,1,0,0,1,0,1,1,1,0,0,1,1,1,1,0,0,0,0,0,0,0,0,1,1,1,1,0,0,1,0,1
0,0,0,0,0,0,0,1,1,0,0,1,0,0,0,0,1,1,0,0,0,0,0,0,0,1,1,1,1,0,0,1,0,0
0,1,1,0,0,0,1,1,1,1,1,1,0,1,0,1,0,1,0,0,0,0,0,0,1,1,0,0,1,0,0,0,1,1
0,0,0,0,1,0,0,1,0,1,1,1,0,0,0,0,0,0,0,0,0,0,0,0,0,0,1,1,1,1,1,0,0,1
0,0,1,0,0,0,1,1,1,1,0,1,0,0,0,0,0,0,0,0,0,0,0,0,1,1,1,0,1,1,1,0,1,1
0,1,0,0,1,0,1,0,1,1,0,1,0,1,1,0,1,1,0,1,0,0,1,0,1,1,1,1,1,0,1,0,0,1
0,1,0,0,0,0,1,0,1,0,1,1,0,0,1,0,0,0,0,0,0,0,0,0,1,1,0,0,0,1,0,0,1,0
0,1,1,0,0,0,0,1,0,0,0,0,0,0,0,0,0,1,0,0,0,0,0,0,0,1,1,0,1,0,0,0,1,1
0,1,0,0,0,0,1,1,1,1,0,1,0,0,0,0,1,1,0,0,0,0,1,0,1,1,0,0,1,1,0,0,1,1
1,0,0,0,0,0,0,1,1,1,0,1,0,0,0,0,0,1,0,0,0,1,0,0,1,1,1,1,1,1,0,1,0,0
0,0,0,0,0,0,1,0,0,0,1,1,0,0,0,0,1,0,0,0,0,0,1,0,0,1,1,1,1,1,0,0,0,1
0,0,1,0,0,0,1,1,0,0,1,1,0,0,0,1,0,0,0,0,0,0,0,0,1,1,1,0,1,1,1,0,1,1
1,0,0,0,0,0,1,0,0,0,1,1,0,0,0,0,0,1,0,0,0,0,0,0,1,0,1,0,1,1,1,0,0,1
0,0,1,0,1,0,1,0,1,0,1,1,0,0,1,0,0,1,0,0,0,0,0,0,1,0,1,1,1,1,0,0,0,0
0,0,0,0,0,0,1,0,1,0,0,1,0,1,0,0,1,1,0,0,0,0,0,0,0,0,1,1,1,1,0,1,0,0
1,0,0,0,0,0,1,0,1,0,1,1,0,1,1,1,1,0,0,0,0,0,0,0,0,0,1,1,1,1,1,0,0,0
0,0,1,0,0,0,1,1,0,0,1,0,0,0,0,0,1,0,0,0,0,0,1,0,1,0,1,1,1,1,0,0,0,1
1,0,0,0,0,1,1,1,1,0,0,1,0,0,0,0,0,0,1,0,0,0,0,0,0,1,0,1,1,0,0,1,0,0
0,1,1,0,0,0,1,1,0,0,1,1,0,0,1,0,0,1,0,0,0,0,0,0,1,1,1,0,1,1,0,0,1,1
0,0,1,0,0,0,0,1,0,1,1,1,0,0,0,0,1,0,0,0,1,0,0,0,1,1,1,1,0,0,1,0,1,1
0,0,0,0,0,0,1,0,0,0,0,0,0,0,0,1,0,0,0,0,0,0,1,0,0,1,1,1,0,1,1,0,0,0
0,1,1,0,0,0,1,0,0,0,1,1,0,0,0,0,0,0,0,0,1,0,1,0,0,0,1,1,1,1,0,0,1,1
0,0,0,0,0,0,0,0,0,0,0,0,1,0,0,1,0,0,1,0,0,0,0,0,1,0,1,1,1,1,0,0,0,1
0,0,0,0,0,0,0,0,0,0,0,0,1,1,1,0,1,0,0,1,0,0,0,0,1,1,1,0,1,1,0,0,1,1
1,1,0,0,0,0,1,1,1,0,1,0,0,0,1,0,0,1,0,0,0,1,0,0,1,1,1,1,1,1,0,1,1,0
0,1,1,1,0,0,0,0,0,0,0,1,0,0,0,1,1,0,0,0,0,0,0,0,0,1,1,1,1,1,1,0,0,1
0,0,1,0,0,0,1,0,1,0,1,0,0,1,0,0,1,0,0,0,0,0,0,0,1,1,1,0,1,1,0,0,1,1
0,1,0,0,0,0,1,1,1,0,0,1,0,0,0,0,1,0,0,0,0,0,0,0,1,1,1,0,0,1,0,0,1,0
0,0,0,0,1,0,0,0,1,0,1,0,0,1,0,0,0,0,0,0,0,0,0,0,1,1,1,0,1,1,0,0,0,1
0,0,1,0,0,0,1,1,1,1,0,1,0,1,0,1,0,0,0,0,0,0,0,0,0,1,1,1,1,0,0,1,0,0
1,1,0,0,0,0,1,0,1,1,0,0,0,0,0,0,1,0,0,0,0,0,1,0,1,1,1,0,1,1,0,0,1,1
0,1,0,0,0,0,0,0,0,0,0,0,1,0,0,0,0,0,0,1,0,0,0,0,0,1,1,0,1,1,1,0,1,1
0,1,0,0,0,0,1,0,1,0,1,0,0,0,0,0,0,1,0,0,0,0,0,0,0,1,1,1,1,1,0,0,0,1
0,1,0,0,0,0,1,0,1,0,1,1,0,0,0,0,1,0,0,0,0,1,0,0,1,1,1,1,1,1,0,1,1,0
0,1,1,0,0,0,0,1,0,0,1,1,0,0,0,0,0,0,0,1,0,0,0,0,0,1,1,1,1,0,1,0,0,1
1,1,1,0,0,0,1,1,1,0,0,1,0,0,0,0,1,1,0,0,0,0,0,0,1,1,0,1,1,0,1,0,1,0
0,0,0,0,1,1,0,0,0,0,0,0,1,0,0,1,0,0,0,0,0,0,0,0,0,0,1,1,1,0,0,0,0,0
0,1,0,0,0,0,1,1,0,0,1,1,0,0,1,0,0,1,0,0,0,0,0,0,1,1,1,0,1,0,0,0,1,0
0,0,0,0,0,0,1,1,1,0,0,0,0,0,0,0,1,0,0,0,0,1,0,0,1,1,1,1,0,1,0,1,0,0
0,0,0,0,0,0,0,1,1,0,0,1,0,1,0,0,1,0,0,0,0,0,0,0,1,1,1,0,1,1,0,0,1,1
0,1,0,0,0,0,0,0,0,1,0,0,0,0,1,0,1,0,1,0,0,0,0,0,0,1,1,1,0,1,1,0,1,0
1,1,0,0,0,0,1,1,1,0,1,1,0,1,0,1,0,1,0,0,0,1,1,0,1,1,1,1,0,1,0,1,1,1
0,0,1,0,0,0,0,1,1,0,0,1,0,1,0,0,1,0,0,0,0,0,0,0,0,0,1,1,1,1,0,0,0,0
0,1,0,0,0,0,0,0,0,0,1,0,0,0,0,0,1,0,1,0,0,0,0,0,0,0,0,1,1,1,1,0,0,1
0,0,0,0,0,0,1,0,1,1,0,1,0,0,0,0,1,0,0,0,0,0,0,0,1,1,1,1,1,0,1,0,0,0
0,0,0,0,0,0,0,0,0,1,0,0,0,1,1,0,0,0,0,0,1,0,1,0,0,0,1,1,1,1,1,0,0,0
1,0,0,0,0,0,0,0,0,0,1,1,0,0,0,1,1,1,0,1,1,0,0,0,0,0,1,1,1,1,0,1,1,0
0,0,0,0,0,0,0,0,1,0,0,1,0,0,1,0,0,1,0,0,1,0,0,0,1,1,0,0,0,0,0,0,1,1
0,1,1,1,1,0,0,1,1,1,1,1,0,0,0,0,1,1,0,0,0,0,1,0,1,1,1,1,1,1,1,0,0,1
0,0,0,0,0,0,0,1,1,1,0,1,0,0,0,0,0,1,0,0,0,0,1,0,1,1,1,1,1,0,0,0,0,0
0,0,0,0,0,0,0,0,0,1,0,1,0,0,0,0,0,0,0,0,0,0,0,0,1,1,1,0,0,1,0,0,1,1
0,1,0,1,0,0,0,0,1,1,1,1,0,0,0,0,0,0,0,1,0,0,0,0,1,1,1,1,0,1,1,0,1,1
0,0,1,0,0,0,1,0,1,0,0,1,0,0,0,0,1,0,0,1,0,0,1,0,1,1,0,1,0,1,1,0,1,1
0,1,0,1,0,0,1,1,1,0,1,1,0,1,1,0,1,1,0,0,0,0,0,0,1,1,1,1,1,1,0,0,1,1
0,1,0,0,0,0,1,0,1,0,1,0,0,1,1,0,1,1,0,0,0,1,0,0,1,1,1,1,1,0,0,1,1,0
0,0,1,0,0,0,0,1,0,0,1,1,0,0,0,0,0,0,0,0,0,1,0,0,1,1,1,1,1,1,1,1,0,0
0,0,0,0,0,0,0,1,1,0,1,1,0,1,1,0,1,1,0,0,0,0,0,0,0,0,1,1,1,1,0,0,0,1
0,1,0,1,0,0,0,1,0,0,0,1,0,0,0,1,0,1,0,0,0,1,1,0,1,1,1,1,1,0,1,1,0,0
0,0,0,1,0,0,1,0,1,1,1,1,0,0,0,0,1,0,0,0,0,0,0,0,0,0,0,1,1,1,1,0,0,1
0,1,1,0,0,0,1,1,0,1,0,1,0,1,0,0,0,1,0,0,0,0,0,0,1,0,1,1,1,1,1,0,0,0
0,1,1,0,0,0,1,0,1,0,0,1,0,0,0,1,0,0,0,0,0,0,0,0,1,1,1,0,0,1,0,0,1,0
1,0,0,0,1,0,1,1,0,0,1,1,0,1,0,0,0,0,0,0,0,0,0,0,1,1,1,1,0,1,0,0,0,1
1,0,0,0,0,0,1,0,1,0,1,1,0,0,1,0,0,0,0,1,0,0,1,0,0,1,1,1,1,1,0,1,0,0
0,1,0,0,0,0,0,0,0,0,0,0,1,0,1,0,1,0,0,0,0,0,0,0,0,0,1,0,1,0,0,0,1,1
0,0,1,0,0,0,1,1,0,0,1,1,0,0,0,1,0,1,1,0,0,1,0,0,1,0,1,1,1,0,0,1,0,0
1,1,0,0,0,0,0,0,0,1,1,1,0,0,1,0,1,1,0,1,0,0,1,0,1,1,1,1,1,1,1,0,0,1
0,0,0,0,0,0,0,1,0,0,1,0,0,1,0,1,0,1,0,1,0,0,0,0,0,0,1,0,1,1,0,1,0,0
0,1,0,0,0,0,1,1,1,0,0,1,0,1,0,0,1,1,0,0,0,0,1,0,1,0,1,1,0,1,1,0,0,0
1,0,0,0,0,0,1,0,1,1,0,0,0,0,0,0,0,0,0,0,0,0,1,0,0,0,1,1,1,1,1,0,0,1
0,1,0,0,0,0,0,0,0,0,0,1,0,0,0,0,0,1,0,0,0,0,1,0,1,1,1,1,0,0,0,0,0,0
1,1,1,0,0,0,0,1,0,0,1,1,0,0,1,0,1,0,0,0,0,0,0,0,0,1,1,1,1,0,0,0,0,1
1,1,1,0,0,0,0,1,0,0,0,0,0,0,0,1,0,1,0,0,0,0,1,0,0,0,1,1,0,0,0,0,1,1
0,0,0,1,0,0,0,1,0,0,0,0,0,0,0,0,1,1,0,0,0,0,1,0,1,1,1,0,0,1,0,0,0,0
1,1,0,0,1,0,0,0,0,0,0,0,1,0,0,0,0,0,0,0,0,0,1,0,0,1,0,1,1,1,0,1,1,0
0,1,0,0,0,0,0,0,0,1,1,1,0,0,0,0,1,1,0,0,0,0,1,0,0,0,1,1,0,1,1,0,0,1
1,1,0,0,0,0,1,1,1,0,0,1,0,0,0,0,0,0,0,0,0,0,0,0,1,0,1,1,1,1,0,0,0,1
0,0,0,0,0,0,0,1,0,0,0,1,0,1,0,0,0,0,0,0,0,0,1,0,1,0,1,1,1,1,1,0,0,1
0,1,1,0,0,0,0,0,0,0,0,0,1,1,0,0,1,1,0,1,0,0,0,0,1,1,1,0,1,1,0,0,1,0
1,0,1,0,0,0,0,0,0,0,0,1,0,1,0,0,1,0,0,0,0,0,0,0,1,1,1,1,1,0,0,0,1,0
0,0,0,0,0,1,1,0,1,0,0,0,0,1,0,1,0,1,1,1,0,0,0,0,0,0,1,1,1,1,0,1,0,0
1,0,0,0,1,0,1,0,0,1,1,1,0,1,0,1,0,1,1,0,0,0,0,0,0,1,1,1,1,1,0,1,0,0
0,1,1,0,0,0,1,0,0,0,0,1,0,0,0,0,0,1,0,0,0,0,0,0,1,1,1,0,1,1,0,0,1,1
0,1,0,0,0,0,1,0,1,0,1,1,0,0,1,0,0,0,0,0,0,0,1,0,1,1,0,0,1,0,0,0,1,1
0,0,0,0,0,0,0,0,1,0,1,0,0,0,0,0,0,1,0,0,0,0,0,0,1,1,0,1,1,1,0,0,0,0
0,0,0,1,0,0,0,0,0,1,0,0,0,0,1,0,0,0,0,0,0,0,1,0,1,1,1,1,0,0,1,0,1,1
0,1,0,0,0,0,1,1,1,0,0,0,0,0,0,0,1,0,0,0,0,1,0,0,1,1,1,1,1,0,0,1,1,0
0,1,0,0,0,0,0,1,1,0,0,0,0,0,1,0,0,0,0,0,0,0,0,0,0,1,1,1,1,1,0,0,1,1
0,1,1,0,0,0,0,1,1,0,1,0,0,0,1,0,1,1,0,0,0,0,0,0,1,1,1,0,0,1,0,0,1,1
0,0,1,0,0,0,1,1,1,1,0,1,0,1,0,0,0,1,0,0,0,0,0,0,1,0,1,0,1,0,0,0,1,1
0,0,1,0,1,0,1,1,0,1,1,1,0,0,1,1,0,1,0,0,0,0,1,0,1,1,1,1,1,0,0,0,1,1
0,0,1,0,0,0,1,1,0,0,0,1,0,0,1,0,0,1,0,0,0,0,0,0,1,1,1,1,1,1,0,0,1,1
1,1,0,1,0,0,1,1,1,0,1,1,0,0,0,1,0,0,0,1,0,0,0,0,0,1,1,1,1,1,0,1,1,0
0,1,1,0,0,1,1,1,1,0,1,1,0,0,0,0,1,0,0,0,0,0,0,0,1,1,1,1,0,1,0,0,1,1
0,0,0,0,0,0,1,0,1,0,1,1,0,1,0,0,1,1,0,0,0,0,0,0,0,0,1,1,1,1,0,1,1,0
0,0,0,0,0,0,0,0,1,0,1,1,0,1,1,1,1,0,0,0,0,0,0,0,0,0,1,1,1,1,0,1,0,0
1,1,0,0,0,0,1,1,0,0,0,0,0,0,0,0,1,0,0,0,0,0,0,0,1,0,1,1,1,0,1,0,0,0
1,0,0,0,0,0,1,1,0,0,1,0,0,0,1,0,0,0,0,0,0,0,0,0,1,1,1,0,0,1,0,0,1,1
0,0,1,0,0,0,1,1,1,0,1,0,0,0,0,0,0,0,0,0,0,0,0,0,1,1,1,0,1,1,1,0,0,1
0,0,0,0,0,1,1,0,1,0,1,1,0,0,1,0,1,0,0,0,0,0,0,0,1,1,1,0,0,0,0,0,1,1
0,0,0,0,1,0,0,0,0,0,1,0,0,1,0,1,0,0,0,0,1,0,1,0,1,1,1,1,0,1,0,0,0,1
0,0,0,0,0,0,1,1,1,1,1,1,0,0,0,0,0,0,0,0,0,1,1,0,1,1,1,1,0,0,1,1,0,0
0,0,0,0,1,0,1,0,1,0,1,1,0,0,0,0,0,1,0,0,0,0,0,0,0,1,1,1,1,1,0,1,0,0
0,0,0,0,1,0,1,1,0,0,0,1,0,1,0,0,0,0,0,0,0,0,0,0,0,1,1,1,1,0,0,1,1,0
0,0,1,0,0,0,0,1,0,0,0,0,0,0,0,0,0,0,1,0,0,0,0,0,0,1,1,1,1,1,0,1,0,0
0,1,0,0,0,0,1,1,0,0,1,1,0,1,0,0,0,0,0,0,0,0,0,0,0,0,0,0,1,1,0,1,0,1
0,0,0,0,0,0,1,0,0,0,1,1,0,0,0,0,0,0,0,1,0,0,1,0,1,0,1,1,1,1,1,0,0,0
0,0,0,0,0,0,0,1,1,1,1,0,0,1,1,1,1,0,0,0,0,0,0,0,1,1,1,1,1,1,1,0,0,0
0,1,0,0,0,0,0,1,0,1,0,1,0,0,1,0,1,1,0,0,0,0,1,0,0,1,1,1,1,1,1,0,0,0
0,0,0,0,0,0,1,0,0,1,1,0,0,0,1,0,0,1,1,0,0,0,0,0,0,1,1,1,1,1,1,1,0,0
0,0,0,0,0,0,1,1,0,0,0,1,0,0,0,0,1,1,0,0,0,0,0,0,1,1,1,0,1,1,0,0,1,1
0,0,0,0,0,0,1,0,1,0,1,1,0,0,0,0,1,1,0,1,0,1,0,0,1,1,1,0,1,1,0,1,1,0
1,1,1,0,0,0,0,1,0,0,1,1,0,1,0,0,0,0,0,0,0,0,0,0,0,0,0,1,1,1,0,0,0,0
0,0,0,0,0,0,1,0,1,1,1,0,0,1,0,0,0,0,0,0,0,0,0,0,1,1,1,0,0,1,1,0,1,1
1,1,0,0,1,0,1,1,1,0,0,0,0,0,1,0,0,0,0,0,0,0,0,0,0,1,1,1,1,1,0,1,0,0
1,0,1,0,0,0,1,0,0,0,0,1,0,1,0,0,0,1,0,0,0,0,0,0,1,1,1,1,0,1,0,0,1,1
1,0,1,0,0,0,0,0,0,1,0,1,0,1,0,1,0,0,0,1,0,0,0,0,0,1,1,1,1,1,1,0,0,1
0,1,1,0,0,0,0,1,0,1,1,1,0,0,0,1,0,0,0,0,0,0,0,0,0,0,0,1,1,1,1,0,0,1
0,0,0,1,0,0,1,1,0,1,1,1,0,1,0,0,0,1,0,0,1,0,0,0,1,0,1,1,1,1,1,0,0,1
0,1,1,0,0,0,0,0,0,0,0,0,1,0,0,0,0,1,0,0,0,0,0,0,0,0,1,1,1,1,1,0,0,1
1,0,0,0,0,0,1,1,1,0,1,1,0,1,0,0,0,0,1,1,0,0,1,0,1,1,0,1,0,1,1,0,0,1
0,0,0,1,0,0,1,0,1,0,1,0,0,1,0,0,0,0,0,1,0,0,0,0,0,0,1,1,1,1,0,1,0,0
0,0,0,0,0,0,0,1,0,0,1,1,0,0,0,1,0,1,0,0,0,1,0,0,1,1,1,1,1,0,0,1,0,0
0,0,1,0,0,0,1,1,0,1,0,1,0,0,1,0,1,0,0,0,0,0,0,0,0,1,1,1,1,1,0,1,0,0
0,0,1,0,0,0,1,0,0,1,1,1,0,0,1,0,1,0,0,0,0,0,1,0,1,1,1,1,0,1,1,0,1,0
1,0,0,0,0,0,1,1,1,1,1,1,0,0,0,0,0,0,0,0,0,0,0,0,0,0,1,1,1,1,1,0,0,0
1,0,0,0,0,0,0,0,1,0,1,0,0,0,0,0,1,0,0,1,0,0,1,0,1,1,1,0,1,0,0,0,1,0
0,1,0,0,0,0,0,1,0,0,1,1,0,1,1,0,1,0,0,0,0,0,0,0,1,1,1,1,1,1,0,0,1,0
0,1,1,0,0,0,0,0,1,0,0,1,0,0,1,0,1,1,1,0,0,0,0,0,1,1,1,0,1,1,1,0,1,1
1,0,0,0,1,0,1,1,0,0,1,1,0,0,0,0,1,0,0,0,0,1,0,0,1,0,1,1,1,1,0,1,0,0
0,1,1,0,0,0,1,1,1,0,1,1,0,0,0,0,1,1,0,1,0,1,0,0,1,1,1,1,0,1,0,1,0,1
0,1,0,0,0,0,1,1,1,1,1,1,0,0,0,0,0,1,1,0,0,1,0,0,1,0,1,1,0,1,0,1,1,0
1,0,0,0,0,0,1,0,0,0,1,0,0,0,0,0,0,1,1,1,0,1,0,0,1,1,1,0,1,1,0,1,1,0
0,0,0,0,1,0,1,1,0,0,0,1,0,1,1,0,1,0,0,1,0,0,0,0,1,0,1,1,1,0,0,0,0,0
0,1,1,0,1,0,0,0,1,0,0,1,0,0,0,1,1,1,1,0,0,0,0,0,0,1,1,1,1,0,0,0,0,1
0,1,0,0,0,0,0,1,0,1,0,1,0,1,0,0,0,1,0,0,0,0,1,0,0,1,1,1,0,1,1,0,0,1
0,1,0,0,0,1,1,0,1,0,0,1,0,1,1,0,0,0,0,0,0,0,0,0,1,0,1,0,1,1,0,0,1,0
0,1,0,0,0,0,1,1,1,0,0,1,0,1,0,0,1,1,1,0,0,0,0,0,0,1,1,1,1,1,0,0,0,1
0,0,0,0,1,0,0,0,0,0,1,0,0,0,1,0,1,0,1,0,0,0,0,0,0,1,1,1,1,1,0,1,1,0
1,0,1,0,0,1,1,1,1,0,1,1,0,1,0,1,1,1,0,0,0,1,0,0,1,1,1,1,1,0,0,1,0,0
0,0,0,0,0,0,1,1,0,1,1,1,0,0,0,1,1,1,0,0,0,0,0,0,1,0,1,1,1,1,1,0,0,1
0,0,0,0,0,0,1,1,0,0,1,1,0,0,0,0,1,0,0,0,0,0,0,0,0,1,1,1,1,0,0,0,1,0
0,1,1,0,0,0,0,0,0,0,0,0,0,0,0,1,1,0,0,0,0,0,0,0,0,1,1,0,1,1,1,0,0,1
0,0,0,0,0,0,0,1,0,0,0,1,0,0,0,0,1,0,0,0,0,0,1,0,1,1,0,1,1,1,0,0,0,0
0,0,0,0,0,0,0,1,0,0,1,1,0,1,1,1,1,1,0,0,0,1,0,0,1,1,1,1,1,1,0,1,0,0
1,1,1,0,0,0,1,1,1,1,1,1,0,0,0,0,0,0,0,0,0,1,1,0,1,1,1,0,0,0,0,1,1,1
0,0,0,1,0,0,1,0,1,0,1,0,0,1,1,0,1,1,0,0,0,0,0,0,0,0,0,1,1,0,0,1,0,0
1,0,0,0,0,0,0,1,0,0,0,1,0,0,0,0,0,1,0,0,0,0,0,0,1,1,0,0,0,1,1,0,0,1
0,1,0,0,0,0,1,0,1,1,1,0,0,1,1,0,1,1,0,0,0,1,0,0,1,1,1,1,1,1,0,1,1,0
0,0,1,0,0,0,0,0,0,0,0,1,0,0,1,0,0,0,0,0,0,0,1,0,1,1,1,1,0,1,1,0,1,1
0,0,1,0,0,0,1,1,1,0,0,0,0,0,0,1,1,0,0,0,0,0,0,0,0,1,1,1,1,0,1,0,1,1
1,1,1,0,0,0,1,1,1,0,1,1,0,0,1,0,0,0,0,0,0,0,1,0,1,0,1,0,0,1,1,0,0,1
1,1,1,0,0,0,1,1,1,1,1,0,0,1,1,1,1,0,0,0,0,0,1,0,0,0,1,1,0,1,1,0,0,1
0,1,0,0,0,0,1,1,1,0,1,0,0,0,1,0,0,1,0,1,1,1,1,0,1,1,1,0,0,1,0,1,1,0
0,1,1,1,0,0,0,1,1,1,0,1,0,1,0,1,0,0,0,1,0,0,0,0,0,0,1,1,1,1,0,1,1,0
0,0,0,1,1,0,0,1,1,0,0,0,0,0,0,0,0,0,0,0,0,0,1,0,1,1,1,1,1,1,0,0,0,0
0,0,0,0,0,0,1,1,0,0,0,1,0,0,1,0,0,0,0,0,0,0,0,0,0,0,0,1,1,1,0,0,0,1
0,1,1,1,0,0,1,1,0,1,1,1,0,0,1,0,0,1,0,0,0,0,0,0,1,0,1,0,1,1,0,0,0,0
0,0,0,1,0,0,1,1,0,0,1,1,0,0,0,0,1,0,1,0,0,1,0,0,1,0,1,1,1,0,0,1,0,0
0,0,0,0,1,0,1,0,1,0,1,1,0,0,0,1,1,0,0,0,0,1,0,0,1,1,1,1,1,0,1,1,1,0
1,1,0,1,0,0,0,0,0,0,1,1,0,0,0,0,0,0,1,0,0,0,0,0,1,1,1,1,1,1,0,0,0,1
0,1,0,0,0,0,1,0,1,1,1,1,0,1,0,0,1,0,0,0,0,0,0,0,1,1,1,1,1,1,1,0,1,1
0,0,0,1,0,0,1,0,1,1,0,1,0,0,1,1,0,0,0,0,0,0,0,0,0,1,1,1,1,0,0,1,0,0
0,1,0,0,0,0,1,0,1,0,0,1,0,0,1,1,1,1,0,0,0,0,0,0,1,1,1,1,1,1,0,0,1,0
0,1,0,0,0,0,1,1,0,1,0,0,0,1,0,1,1,0,0,0,0,0,1,0,1,0,1,1,0,1,1,0,0,0
0,1,0,1,0,0,1,0,1,1,0,1,0,1,1,0,1,0,0,0,0,0,1,0,1,1,1,0,0,0,1,0,0,1
0,1,1,0,0,0,1,1,1,0,1,1,0,1,0,1,0,0,1,0,0,0,1,0,1,1,1,0,1,1,0,0,0,1
0,1,0,0,0,0,0,0,0,1,0,1,0,0,0,0,1,0,0,0,0,0,0,0,1,1,0,1,1,1,1,0,0,0
1,0,1,0,1,0,0,1,0,1,1,1,0,0,0,0,1,0,0,0,0,0,1,0,1,0,1,1,1,1,1,0,0,1
0,0,0,0,0,0,0,0,1,1,1,0,0,0,0,0,0,1,0,0,0,0,0,0,1,1,1,0,0,1,1,0,1,0
0,0,0,0,1,0,0,0,0,0,0,1,0,0,1,0,1,0,0,0,0,1,0,0,1,0,1,1,1,0,0,1,0,1
0,0,0,0,0,0,0,0,0,0,0,0,1,0,0,0,1,0,0,1,0,0,1,0,1,1,0,1,0,1,1,0,0,1
0,0,0,0,0,0,1,0,1,1,1,1,0,1,0,0,0,1,0,0,0,0,0,0,1,1,1,0,1,1,1,0,0,1
0,0,0,0,0,0,1,1,0,0,1,1,0,0,1,0,1,0,0,0,0,0,0,0,0,1,1,1,1,1,1,1,0,1
0,0,0,0,0,0,0,0,0,0,1,1,0,0,1,0,0,0,0,1,0,0,0,0,0,1,1,1,1,1,0,0,0,1
0,1,1,0,0,0,0,0,0,0,0,1,0,0,0,1,0,0,0,0,0,1,1,0,1,1,1,1,0,1,1,1,0,0
0,1,0,0,0,0,0,1,1,0,0,1,0,0,0,0,1,1,0,0,0,0,1,0,1,1,1,0,1,1,0,0,0,0
0,1,0,0,0,0,1,1,0,0,1,1,0,0,0,0,0,0,0,0,0,0,1,0,1,1,1,1,1,1,1,0,1,0
0,0,0,0,0,0,0,0,1,1,0,1,0,0,0,0,1,0,0,0,0,0,0,0,0,1,1,0,0,1,1,1,1,0
0,0,1,1,1,0,1,0,1,0,1,1,0,0,1,0,1,1,0,0,0,1,1,0,1,1,1,1,0,1,0,1,1,0
0,1,1,0,0,0,0,0,1,1,0,0,0,0,0,0,0,0,0,0,0,0,0,0,1,1,1,1,1,1,1,0,0,0
0,0,0,0,0,0,1,1,1,0,0,1,0,1,1,0,1,0,0,0,0,0,1,0,1,0,0,0,1,1,0,0,0,1
1,1,0,0,0,0,1,1,0,0,0,1,0,1,1,0,1,0,0,0,0,0,0,0,0,1,1,1,1,1,1,0,0,1
0,0,1,0,0,0,0,1,0,0,0,1,0,0,1,0,1,0,0,0,0,1,0,0,1,1,1,1,1,0,0,1,1,1
1,0,1,0,0,0,0,1,1,1,0,1,0,0,0,0,0,0,0,0,0,1,0,0,1,1,1,1,1,1,0,1,0,0
1,1,0,0,0,0,0,1,0,1,1,1,0,1,0,0,0,0,0,0,0,0,0,0,1,1,1,1,0,1,1,0,0,0
0,1,0,0,0,0,0,1,0,0,1,1,0,0,1,0,0,0,0,0,0,0,1,0,1,1,1,1,0,1,0,0,1,1
0,0,1,0,0,0,1,0,1,0,1,1,0,0,1,0,1,0,0,0,0,0,0,0,0,1,1,1,1,0,0,0,0,1
0,0,0,0,0,0,1,1,0,1,1,1,0,0,0,0,0,0,0,0,0,1,0,0,1,1,1,1,1,1,0,1,0,0
0,0,1,1,0,0,0,0,1,1,1,1,0,1,1,0,1,0,0,0,0,0,0,0,1,1,1,1,0,1,1,0,0,0
1,0,0,1,0,0,0,0,0,0,0,0,1,1,1,1,1,0,0,0,0,0,0,0,1,0,0,1,1,1,0,0,0,0
1,0,1,0,0,0,1,1,0,0,0,1,0,0,1,0,0,0,0,1,0,0,0,0,1,1,1,0,1,1,0,0,1,0
0,0,1,0,1,0,1,0,1,0,0,1,0,0,1,0,0,0,0,0,0,0,0,0,1,1,1,1,1,1,0,0,0,1
1,0,0,0,0,0,1,0,1,0,1,1,0,1,1,1,0,1,0,0,0,1,0,0,1,1,1,1,1,1,0,1,0,0
0,1,0,0,0,0,0,1,1,1,1,1,0,1,0,0,1,0,0,0,0,0,0,0,1,1,0,0,1,1,1,0,1,0
1,0,0,1,0,0,1,1,0,1,0,0,0,0,1,0,0,0,0,0,0,0,1,0,0,0,1,1,1,1,1,0,0,0
0,1,0,0,0,0,0,0,0,0,0,0,1,0,0,0,1,0,1,0,0,1,0,0,1,0,1,1,1,1,1,1,0,0
0,1,0,0,0,0,0,0,1,0,0,0,0,0,0,0,0,0,0,0,0,0,1,0,1,1,1,1,0,1,0,0,0,0
0,0,0,0,0,0,1,0,0,0,0,1,0,0,1,1,1,0,0,0,0,0,0,0,0,1,1,1,1,1,0,1,0,0
1,1,1,0,0,0,1,0,0,0,0,0,0,1,0,0,0,0,0,0,0,1,0,0,1,1,1,0,1,0,0,1,1,1
0,1,1,0,0,0,1,1,0,0,1,1,0,1,0,0,1,1,0,0,0,0,0,0,1,1,1,1,1,1,1,0,1,0
0,1,0,1,0,0,0,0,1,1,0,1,0,0,0,0,0,0,0,0,0,1,1,0,1,1,1,1,1,1,1,1,0,1
0,1,1,0,0,0,0,0,0,0,1,1,0,0,0,1,1,0,1,0,0,0,0,0,1,1,1,0,1,1,0,0,1,0
1,0,0,0,0,0,1,1,0,1,0,1,0,0,0,0,1,0,0,0,0,0,1,0,0,1,1,1,1,1,1,0,0,0
0,0,1,1,0,0,1,0,1,0,0,1,0,0,1,1,1,0,0,0,0,0,0,0,0,1,1,1,1,1,0,1,0,0
0,0,1,0,0,0,1,0,0,1,1,1,0,0,1,0,1,1,0,0,0,0,1,0,0,1,1,1,0,1,0,0,1,0
0,0,0,0,0,1,1,0,0,0,1,1,0,0,0,0,1,0,1,0,0,0,0,0,0,1,1,1,1,1,0,0,1,1
0,0,1,1,0,0,1,1,1,0,1,1,0,0,1,0,0,0,0,0,0,1,1,0,1,1,1,1,0,0,1,1,0,0
1,1,0,0,0,0,1,1,1,0,1,0,0,0,0,0,0,1,0,0,0,0,0,0,1,1,1,1,1,1,0,0,0,0
1,1,0,0,1,0,0,0,0,0,1,1,0,0,1,0,1,1,0,1,0,0,0,0,0,0,0,0,1,1,1,0,0,1
0,0,0,0,0,0,1,1,1,1,1,1,0,0,1,0,0,0,0,0,0,0,1,0,0,1,1,1,1,1,0,0,0,1
1,0,0,0,0,0,0,1,1,0,0,1,0,1,0,0,0,1,0,0,0,0,0,0,0,1,1,1,1,1,0,1,0,0
1,1,0,0,0,1,1,1,0,0,0,1,0,0,0,0,0,1,0,0,0,1,0,0,1,1,1,1,1,0,0,1,0,0
0,0,1,0,0,1,1,1,1,0,0,1,0,0,0,0,1,0,0,0,0,0,1,0,1,1,1,1,0,1,1,0,1,1
1,1,1,0,0,0,1,1,0,0,0,0,0,0,0,0,1,0,0,0,0,0,1,0,0,1,1,1,1,1,1,0,0,0
0,0,0,0,0,1,0,0,1,0,0,1,0,1,0,0,1,0,0,1,0,0,0,0,1,0,0,1,1,1,1,0,0,1
0,0,1,0,0,0,1,0,1,0,0,1,0,1,1,1,0,0,1,0,0,0,1,0,1,1,1,1,1,1,1,0,0,0
1,1,0,0,0,0,0,0,1,0,1,0,0,0,1,0,1,0,0,0,0,0,0,0,0,1,0,1,1,1,0,0,0,0
1,1,0,1,1,0,1,0,1,1,0,1,0,0,0,0,0,0,0,0,0,0,0,0,0,1,1,1,1,1,0,0,0,1
0,1,1,0,0,0,0,1,0,0,0,1,0,1,0,0,1,1,0,0,0,0,0,0,1,1,1,1,0,0,1,0,0,0
0,1,0,0,0,0,1,1,0,0,1,1,0,0,1,0,0,0,0,0,0,0,0,0,1,1,0,0,0,1,1,0,1,1
1,1,0,0,0,0,1,1,0,1,1,1,0,0,0,0,0,1,0,0,0,0,1,0,1,1,0,1,0,1,1,0,0,1
1,0,0,0,1,0,1,1,0,0,0,1,0,1,0,0,0,0,0,0,0,0,0,0,1,1,0,1,1,1,1,0,0,0
0,0,0,1,0,0,0,1,0,1,0,0,0,0,0,0,1,0,0,0,0,0,0,0,1,1,1,1,0,1,1,0,0,1
0,1,1,0,0,0,1,1,1,1,0,1,0,0,0,0,0,0,0,0,0,0,0,0,1,1,1,0,1,1,0,0,1,1
0,0,0,0,0,0,1,1,1,0,0,1,0,0,1,0,1,0,0,0,0,0,0,0,1,1,1,1,0,1,0,0,0,1
0,0,1,0,0,0,0,1,1,0,1,1,0,0,0,0,0,0,0,0,0,0,0,0,1,1,1,1,1,1,1,0,1,1
1,1,0,1,1,0,1,0,1,0,0,1,0,0,0,0,0,0,1,0,0,0,1,0,1,1,1,1,1,1,0,0,0,0
0,0,1,0,0,0,0,0,0,0,0,0,1,0,0,1,0,1,0,0,0,0,0,0,1,1,1,1,1,0,1,0,0,1
0,0,1,0,0,0,1,1,0,0,0,1,0,0,0,0,1,0,0,0,0,0,0,0,1,0,1,1,1,1,0,0,0,1
1,0,0,0,1,0,1,0,0,1,1,0,0,0,0,1,1,1,1,0,0,1,0,0,1,1,1,1,1,0,0,1,0,0
0,1,0,0,0,0,0,0,0,0,1,1,0,0,0,0,1,0,0,1,0,0,0,0,1,1,1,0,1,1,0,0,1,1
0,0,1,0,0,0,0,1,1,1,0,1,0,0,0,0,1,1,0,0,0,0,1,0,0,1,1,0,0,1,1,0,0,1
0,0,1,0,0,1,0,0,0,1,0,1,0,0,1,1,0,0,0,0,0,0,0,0,1,0,1,0,1,1,0,0,0,0
0,0,1,0,0,0,0,1,1,0,1,0,0,1,0,0,0,0,0,1,0,0,0,0,1,1,1,0,1,1,1,0,1,1
1,1,0,0,1,0,0,1,1,1,1,1,0,1,0,0,0,0,0,0,0,0,0,0,1,1,0,1,1,0,1,0,0,1
0,0,1,0,1,0,1,0,1,0,0,1,0,0,1,0,0,1,0,0,0,0,1,0,1,1,1,0,1,0,0,0,0,0
0,0,1,0,0,1,0,0,0,0,0,0,1,0,0,0,0,1,0,0,0,0,1,0,1,1,1,1,0,1,1,0,0,0
0,0,0,0,0,0,1,0,1,1,1,1,0,0,0,0,0,0,0,0,0,0,0,0,0,1,1,1,1,0,1,1,0,0
0,0,0,0,0,0,0,0,1,0,0,1,0,0,0,0,0,0,1,0,0,0,0,0,0,1,1,1,1,1,0,1,0,0
0,1,0,0,0,0,0,1,0,0,1,1,0,0,1,0,1,0,0,0,0,0,0,0,1,1,1,0,1,1,1,0,1,1
0,0,0,0,0,0,0,0,0,1,0,0,0,0,0,1,1,0,0,0,1,0,1,0,1,0,1,1,0,1,1,0,0,1
1,1,0,0,0,0,1,0,0,0,1,1,0,1,1,0,0,1,0,0,0,0,0,0,1,1,1,0,1,1,1,0,1,0
1,0,1,1,0,0,0,1,1,0,0,0,0,0,1,0,0,0,0,0,0,1,1,0,1,1,1,1,1,1,1,1,1,1
0,0,0,0,0,0,0,1,0,1,0,1,0,0,1,0,0,1,0,0,0,0,0,0,0,1,1,1,1,0,0,1,0,0
1,0,1,0,0,0,1,1,0,0,1,0,0,0,1,0,1,0,0,0,0,0,0,0,0,1,1,1,1,1,0,1,1,0
0,1,0,0,0,0,0,1,0,0,0,0,0,0,0,0,0,0,0,0,0,1,0,0,1,1,1,1,1,1,1,1,1,0
0,1,0,0,0,0,0,0,1,1,0,1,0,0,0,0,0,1,1,0,0,0,0,0,0,1,1,0,0,1,1,0,1,1
0,1,1,0,1,0,1,1,0,0,1,0,0,0,1,0,0,1,1,0,0,0,0,0,1,1,1,1,0,0,0,0,1,0
0,1,0,0,0,0,0,0,0,0,1,1,0,0,0,0,0,0,0,1,0,0,0,0,1,1,0,0,0,1,0,0,1,1
0,1,1,0,0,0,1,1,1,0,1,1,0,0,0,1,1,1,0,0,0,0,0,0,1,1,1,1,0,1,0,0,0,1
0,0,0,1,0,0,1,0,0,0,0,0,0,0,0,1,1,1,0,0,0,0,0,0,0,0,1,0,1,1,0,0,0,0
0,0,1,0,0,0,1,1,0,1,1,1,0,0,1,0,0,0,0,0,0,0,0,0,1,1,1,1,1,1,1,0,0,1
0,1,1,0,0,0,0,1,1,1,0,0,0,0,1,0,0,1,0,0,0,0,0,0,0,1,1,1,1,0,0,0,1,1
0,0,0,0,0,0,0,1,0,0,0,1,0,0,0,0,0,1,0,0,0,0,1,0,1,0,1,1,1,0,1,0,0,0
0,0,0,0,0,0,1,1,1,1,1,0,0,0,0,1,0,1,0,0,0,0,1,0,1,1,1,1,1,1,1,0,0,1
0,0,0,0,0,0,0,0,0,0,0,0,0,0,1,1,0,0,0,0,0,0,1,0,0,1,1,1,0,0,0,0,1,1
0,1,0,0,0,0,1,0,1,1,0,1,0,0,0,1,1,1,0,0,0,0,1,0,0,1,1,1,0,1,1,1,0,0
1,0,1,0,0,0,1,0,1,0,1,0,0,0,1,0,0,0,0,0,0,0,0,0,1,1,1,1,1,1,1,0,1,0
1,0,0,0,0,0,1,1,1,0,1,1,0,0,1,0,0,0,0,0,1,0,0,0,1,0,1,1,1,1,0,0,0,0
1,0,0,0,0,0,0,1,1,0,0,0,0,0,0,1,0,1,0,0,0,0,0,0,1,0,1,1,1,1,1,0,0,1
1,0,0,0,0,0,1,0,0,0,1,0,0,0,1,0,1,0,0,1,0,0,0,0,0,1,1,1,1,0,0,1,1,0
0,0,1,0,0,0,1,1,1,0,1,0,0,0,1,0,0,0,0,0,0,0,0,0,1,1,1,1,1,1,0,0,1,0
1,0,1,0,0,0,0,1,0,0,1,0,0,0,0,0,0,0,0,0,1,0,0,0,0,1,1,1,1,1,0,0,0,1
0,1,1,0,0,0,1,1,1,1,1,0,0,0,0,0,0,0,0,0,0,0,1,0,1,1,1,0,1,0,0,0,0,0
0,1,1,0,0,0,1,0,1,0,1,1,0,1,0,0,0,0,0,0,0,1,0,0,1,1,1,1,1,1,0,1,1,0
1,0,0,1,1,0,0,1,1,0,0,1,0,0,1,0,0,1,1,0,0,0,0,0,0,1,1,1,1,1,0,1,0,1
1,1,0,0,1,0,1,0,1,0,1,1,0,0,0,1,0,1,0,0,0,0,0,0,0,1,1,1,1,1,0,1,0,0
0,1,0,1,1,0,1,1,0,0,0,0,0,1,0,0,0,1,1,0,0,0,0,0,0,1,1,1,1,1,0,1,0,1
1,1,1,0,0,0,1,1,1,0,0,1,0,0,0,0,1,0,0,0,0,1,1,0,1,1,0,1,0,0,1,1,1,1
0,0,0,0,0,0,1,1,0,0,1,0,0,0,0,0,0,0,0,0,0,0,1,0,1,1,1,1,1,0,1,0,0,0
0,0,1,0,0,0,0,1,0,1,1,0,0,1,0,0,1,0,0,0,0,1,0,0,1,1,1,0,0,1,0,1,1,0
0,1,1,0,0,0,0,0,0,0,0,1,0,1,1,1,0,1,0,0,0,0,0,0,0,0,1,0,0,1,1,0,1,1
1,0,1,0,0,0,1,0,1,0,1,0,0,0,1,0,1,0,0,0,0,0,0,0,1,1,1,0,0,1,1,0,0,0
1,1,0,0,0,0,0,1,1,0,0,0,0,0,0,0,0,0,0,0,0,0,1,0,1,1,1,1,0,1,1,0,0,0
0,0,0,0,0,0,1,0,0,1,1,0,0,0,1,0,1,0,0,0,0,0,1,0,1,0,1,1,0,1,1,0,0,0
0,1,1,0,0,0,0,1,0,0,0,1,0,1,1,0,1,0,0,0,0,0,0,0,1,1,1,1,1,1,0,0,0,1
0,0,0,0,0,0,1,0,1,0,0,1,0,0,1,0,0,0,0,0,0,0,0,0,0,1,1,1,1,1,1,1,1,0
1,0,0,0,1,0,0,0,0,0,0,0,1,0,0,0,1,0,1,1,0,1,0,0,1,1,1,1,0,1,1,1,0,0
0,0,1,0,0,0,1,1,1,1,1,1,0,1,0,0,1,1,0,0,1,0,1,0,0,0,1,0,0,1,0,0,1,1
0,1,1,0,0,0,1,1,0,0,1,0,0,0,0,0,0,1,0,0,0,0,0,0,0,0,0,1,1,1,1,0,0,0
1,0,1,0,0,0,1,1,1,0,1,0,0,0,1,1,0,0,0,0,1,0,0,0,1,1,0,1,1,1,1,0,0,0
1,1,0,0,0,0,1,1,1,1,0,0,0,0,1,0,1,1,0,0,0,0,0,0,0,1,0,0,1,1,1,0,1,1
0,0,0,0,0,0,1,0,1,0,0,1,0,0,1,0,0,0,0,0,0,0,0,0,1,1,0,0,1,1,0,0,0,0
1,0,0,0,0,0,0,0,1,0,1,1,0,0,1,0,1,0,0,0,0,1,0,0,1,1,1,1,1,1,0,1,1,0
1,1,1,0,0,0,1,0,0,0,1,0,0,1,1,0,0,0,0,0,0,1,0,0,1,1,1,0,1,1,0,1,1,1
0,1,1,0,0,0,1,0,0,0,0,1,0,0,0,0,1,0,0,1,0,0,1,0,1,1,1,0,1,1,1,0,0,0
0,0,1,0,0,0,1,1,1,0,0,1,0,0,0,0,0,1,0,1,0,0,0,0,0,0,1,1,1,1,0,0,0,0
0,1,1,0,0,0,1,1,1,0,1,1,0,0,1,0,0,1,0,0,0,0,0,0,1,1,0,1,1,1,0,0,1,0
1,0,1,1,0,0,0,1,0,1,1,1,0,0,0,0,1,1,0,0,0,0,0,0,0,0,0,1,1,1,0,0,0,1
0,0,1,1,0,0,0,0,0,0,0,0,1,0,0,0,0,0,0,1,0,1,0,0,1,0,1,1,1,1,0,1,1,0
1,0,1,1,1,0,0,0,0,0,0,0,1,0,0,0,0,1,0,1,0,0,0,0,0,1,1,1,1,0,0,1,0,0
0,0,0,1,1,0,0,1,0,0,1,1,0,0,1,0,0,0,0,1,0,1,0,0,1,1,1,1,1,0,1,1,0,0
0,1,0,0,1,0,1,1,0,1,0,1,0,0,0,0,1,0,0,0,0,0,0,0,0,1,1,1,1,1,1,0,0,0
0,0,0,0,1,0,1,1,1,1,0,1,0,1,0,1,1,1,0,0,0,0,0,0,1,1,1,1,1,1,1,0,0,1
1,0,0,0,0,0,1,0,1,0,1,1,0,0,0,1,1,0,0,0,0,0,0,0,0,1,1,1,1,1,0,1,0,0
1,0,1,0,0,0,1,1,1,0,0,1,0,0,0,0,1,1,0,0,0,1,0,0,1,1,1,1,1,1,0,1,0,0
1,1,0,0,0,0,0,0,1,0,1,1,0,0,1,0,0,0,0,0,0,0,0,0,0,1,1,1,1,0,0,1,1,1
0,1,0,0,0,0,0,1,0,0,1,1,0,1,1,0,0,0,0,1,0,0,1,0,1,1,1,1,0,1,0,0,0,0
0,0,1,0,0,0,0,0,1,1,1,1,0,1,1,1,1,0,0,0,0,0,0,0,1,0,1,1,1,1,1,0,0,1
0,1,1,0,0,0,1,1,0,0,0,1,0,0,1,0,0,0,0,0,0,0,0,0,0,1,1,1,1,1,0,1,1,0
0,0,0,0,0,0,1,1,0,1,0,0,0,1,0,0,0,1,0,0,0,0,0,0,0,0,0,1,1,1,1,0,0,0
0,1,0,0,1,0,1,0,0,0,0,1,0,0,1,0,0,0,0,0,0,0,0,0,1,1,1,1,1,0,1,0,1,0
0,1,1,0,0,0,1,1,1,1,0,1,0,0,1,0,1,0,0,0,0,0,0,0,1,1,1,0,1,1,1,0,0,0
1,1,0,1,1,0,1,0,1,0,0,1,0,1,0,0,1,0,1,0,0,0,0,0,1,0,0,1,1,1,0,0,0,0
0,0,0,0,0,0,0,1,1,0,0,1,0,0,1,0,1,0,0,1,0,1,1,0,1,0,1,1,1,0,0,1,0,0
0,1,0,0,0,0,1,1,0,1,1,1,0,0,0,0,0,0,0,0,0,0,0,0,0,1,1,1,1,1,0,1,1,1
0,0,0,0,0,0,1,0,0,0,0,1,0,0,0,0,0,0,0,1,0,1,0,0,1,1,1,1,1,0,0,1,0,0
0,1,1,0,0,0,0,1,1,0,1,0,0,0,0,0,1,1,0,0,0,0,0,0,0,1,1,0,1,1,0,0,0,1
1,1,1,0,0,0,1,0,1,0,0,1,0,0,1,0,1,0,0,0,1,1,0,0,1,1,1,0,0,1,0,1,1,1
1,0,1,1,0,0,1,1,0,1,1,1,0,0,0,1,0,1,0,0,0,0,1,0,0,1,1,1,0,1,1,1,0,0
0,1,1,0,0,0,0,1,1,0,0,0,0,0,1,0,0,0,0,0,0,0,1,0,1,1,1,1,0,1,1,0,0,0
0,0,1,0,0,0,1,1,0,0,0,0,0,1,0,1,0,0,0,0,0,0,0,0,1,1,1,1,1,0,1,0,1,1
0,0,1,0,0,0,1,1,0,0,0,0,0,0,0,0,0,0,0,0,0,0,0,0,0,1,1,1,1,1,1,0,0,1
0,0,1,1,0,0,1,1,0,0,1,0,0,1,0,0,0,0,0,0,0,0,0,0,1,1,1,0,1,1,0,0,1,1
1,0,1,0,1,0,0,1,1,0,0,1,0,0,1,0,0,0,0,0,0,0,0,0,1,1,1,1,0,0,1,0,0,1
0,1,0,1,0,0,1,1,1,0,0,1,0,1,0,0,0,0,0,0,0,0,0,0,1,1,1,0,1,1,1,0,0,0
0,1,1,0,0,0,1,1,1,0,0,0,0,0,0,0,0,0,1,0,0,1,0,0,1,1,1,0,1,1,1,1,1,0
0,0,0,0,0,0,1,0,1,0,1,1,0,0,0,0,0,1,0,0,0,0,0,0,0,0,0,1,1,1,1,0,0,1
0,0,1,0,0,0,1,1,1,0,1,1,0,1,1,0,1,1,0,0,1,1,0,0,1,1,1,1,1,1,0,1,0,1
0,1,0,0,0,0,1,1,1,0,0,1,0,0,1,0,0,0,0,0,0,0,0,0,0,1,1,1,1,1,0,1,0,0
0,1,1,0,0,0,1,0,1,1,1,0,0,0,1,0,1,1,1,0,0,0,0,0,1,1,1,0,1,1,0,0,1,1
1,0,0,1,0,0,1,1,0,1,0,0,0,0,0,0,1,1,0,0,0,0,1,0,1,1,0,0,1,1,0,0,0,0
0,0,0,1,0,0,1,1,0,0,0,1,0,0,0,0,1,1,1,1,0,0,0,0,0,0,1,1,1,1,1,1,1,0
0,1,1,0,0,0,0,1,1,0,0,1,0,0,0,0,1,0,1,0,0,1,1,0,1,1,1,1,0,1,1,1,1,1
1,0,0,1,0,0,1,1,0,0,1,0,0,1,0,0,0,1,0,0,0,0,0,0,0,0,1,1,1,0,0,1,0,0
1,0,1,0,0,0,0,0,0,0,1,1,0,1,0,1,0,0,0,0,0,0,0,0,1,0,0,1,1,0,0,0,1,0
0,1,0,0,0,0,0,1,1,0,0,1,0,1,1,1,0,1,1,0,0,0,0,0,0,1,1,1,1,1,0,1,0,0
0,1,0,0,0,0,0,1,1,0,1,1,0,0,0,0,1,1,0,0,0,1,0,0,1,1,1,1,1,0,0,1,0,0
0,0,0,0,0,0,1,1,0,0,1,1,0,0,0,0,0,1,0,0,0,0,0,0,0,1,1,0,1,1,0,0,0,0
0,0,0,0,0,0,0,0,0,0,0,0,1,0,1,0,0,1,0,0,0,0,0,0,1,1,1,1,0,1,0,0,1,1
1,1,0,0,0,0,0,1,1,0,0,1,0,0,0,0,1,0,0,0,0,0,0,0,1,1,1,0,1,0,0,0,0,0
0,0,0,0,0,0,1,0,0,0,0,1,0,0,0,0,0,0,0,0,0,0,1,0,0,1,1,1,1,1,1,1,0,0
1,1,0,0,0,0,1,1,1,0,0,1,0,0,0,0,0,0,0,0,0,0,0,0,0,1,1,0,0,1,0,0,1,0
0,0,0,0,1,0,0,1,1,1,1,1,0,0,0,0,0,1,0,0,0,0,1,0,1,1,1,1,1,1,0,0,0,1
0,0,0,0,0,0,1,0,1,0,0,1,0,0,0,0,1,1,0,1,0,1,0,0,1,0,1,1,1,1,1,1,0,0
0,1,1,0,1,0,1,1,0,1,0,1,0,0,0,1,1,1,0,1,0,0,1,0,1,1,1,1,0,0,1,0,0,1
0,0,1,0,0,0,1,1,1,1,1,0,0,0,0,1,0,0,0,0,1,0,0,0,0,1,1,1,1,0,1,0,0,1
0,0,1,0,0,0,1,1,0,0,1,0,0,0,0,0,1,0,1,0,0,0,1,0,1,0,1,1,1,1,1,0,0,1
0,0,1,0,0,0,0,1,0,0,0,1,0,0,1,0,1,0,0,0,0,1,0,0,1,1,1,1,1,0,0,1,0,0
0,0,1,0,0,0,0,0,0,0,0,0,1,0,0,1,0,0,0,0,0,0,1,0,1,1,0,0,1,1,0,0,1,1
0,0,0,1,0,0,1,0,0,0,0,0,0,0,0,0,1,0,1,0,0,0,1,0,1,0,1,1,1,1,1,0,0,1
0,0,0,0,1,0,0,0,0,1,1,1,0,1,0,0,0,1,0,0,0,0,0,0,1,1,0,1,1,1,1,0,0,1
0,0,0,0,0,0,1,1,1,0,0,0,0,0,0,0,1,1,0,0,0,0,0,0,1,1,1,1,0,0,0,0,0,0
1,0,0,0,0,0,1,1,1,0,1,1,0,0,0,0,0,0,0,0,0,0,0,0,0,1,1,1,1,1,0,1,1,0
1,1,1,0,0,0,1,1,1,1,0,1,0,0,0,0,0,0,0,0,0,0,0,0,1,1,1,1,1,0,1,0,0,0
0,0,1,0,0,0,0,1,0,0,1,1,0,0,0,0,1,1,0,1,0,1,0,0,1,1,1,1,1,1,0,1,1,0
1,0,0,0,0,0,1,0,1,0,1,0,0,0,0,0,1,0,0,0,1,0,0,0,0,1,1,0,1,0,0,0,1,1
0,1,1,0,0,0,0,0,1,0,1,0,0,0,1,0,1,1,1,0,0,0,1,0,1,1,1,1,0,1,0,0,0,1
0,0,1,1,0,0,1,0,1,1,1,0,0,0,0,0,0,0,0,0,0,0,1,0,0,1,1,1,0,1,1,0,0,0
0,0,1,0,0,0,0,0,1,0,0,1,0,0,1,1,1,0,0,0,0,1,1,0,1,1,1,1,1,1,0,1,0,0
0,1,0,0,0,0,1,1,1,0,1,1,0,1,0,0,1,0,0,1,0,0,0,0,1,0,1,0,1,1,0,0,1,0
0,1,0,0,0,0,0,0,1,0,0,1,0,0,0,0,0,1,0,0,0,0,0,0,1,0,1,0,1,0,1,0,1,1
